"Sample (Male/Female/Unknown)","Genotype (forward strand)","Population(s)","Father","Mother"
"NA06984 (M)","A|A","ALL, CEU, EUR","-","-"
"NA06985 (F)","A|C","ALL, CEU, EUR","-","-"
"NA06986 (M)","A|A","ALL, CEU, EUR","-","-"
"NA06989 (F)","A|C","ALL, CEU, EUR","-","-"
"NA06994 (M)","A|A","ALL, CEU, EUR","-","-"
"NA07000 (F)","C|A","ALL, CEU, EUR","-","-"
"NA07037 (F)","A|A","ALL, CEU, EUR","-","-"
"NA07048 (M)","A|A","ALL, CEU, EUR","-","-"
"NA07051 (M)","A|A","ALL, CEU, EUR","-","-"
"NA07056 (F)","C|C","ALL, CEU, EUR","-","-"
"NA07347 (M)","A|A","ALL, CEU, EUR","-","-"
"NA07357 (M)","A|C","ALL, CEU, EUR","-","-"
"NA10847 (F)","C|A","ALL, CEU, EUR","-","-"
"NA10851 (M)","A|A","ALL, CEU, EUR","-","-"
"NA11829 (M)","A|A","ALL, CEU, EUR","-","-"
"NA11830 (F)","C|A","ALL, CEU, EUR","-","-"
"NA11831 (M)","C|C","ALL, CEU, EUR","-","-"
"NA11832 (F)","A|C","ALL, CEU, EUR","-","-"
"NA11840 (F)","C|A","ALL, CEU, EUR","-","-"
"NA11843 (M)","C|A","ALL, CEU, EUR","-","-"
"NA11881 (M)","C|A","ALL, CEU, EUR","-","-"
"NA11892 (F)","C|A","ALL, CEU, EUR","-","-"
"NA11893 (M)","C|C","ALL, CEU, EUR","-","-"
"NA11894 (F)","C|C","ALL, CEU, EUR","-","-"
"NA11918 (F)","C|C","ALL, CEU, EUR","-","-"
"NA11919 (M)","C|C","ALL, CEU, EUR","-","-"
"NA11920 (F)","C|A","ALL, CEU, EUR","-","-"
"NA11930 (M)","C|C","ALL, CEU, EUR","-","-"
"NA11931 (F)","A|A","ALL, CEU, EUR","-","-"
"NA11932 (M)","A|A","ALL, CEU, EUR","-","-"
"NA11933 (F)","A|A","ALL, CEU, EUR","-","-"
"NA11992 (M)","A|A","ALL, CEU, EUR","-","-"
"NA11994 (M)","C|C","ALL, CEU, EUR","-","-"
"NA11995 (F)","C|C","ALL, CEU, EUR","-","-"
"NA12003 (M)","A|C","ALL, CEU, EUR","-","-"
"NA12004 (F)","A|A","ALL, CEU, EUR","-","-"
"NA12005 (M)","A|A","ALL, CEU, EUR","-","-"
"NA12006 (F)","A|A","ALL, CEU, EUR","-","-"
"NA12043 (M)","A|C","ALL, CEU, EUR","-","-"
"NA12044 (F)","C|C","ALL, CEU, EUR","-","-"
"NA12045 (M)","A|C","ALL, CEU, EUR","-","-"
"NA12046 (F)","C|C","ALL, CEU, EUR","-","-"
"NA12058 (F)","C|C","ALL, CEU, EUR","-","-"
"NA12144 (M)","C|C","ALL, CEU, EUR","-","-"
"NA12154 (M)","A|A","ALL, CEU, EUR","-","-"
"NA12155 (M)","C|A","ALL, CEU, EUR","-","-"
"NA12156 (F)","A|A","ALL, CEU, EUR","-","-"
"NA12234 (F)","A|A","ALL, CEU, EUR","-","-"
"NA12249 (F)","C|A","ALL, CEU, EUR","-","-"
"NA12272 (M)","A|A","ALL, CEU, EUR","-","-"
"NA12273 (F)","C|C","ALL, CEU, EUR","-","-"
"NA12275 (F)","C|A","ALL, CEU, EUR","-","-"
"NA12282 (M)","A|C","ALL, CEU, EUR","-","-"
"NA12283 (F)","A|C","ALL, CEU, EUR","-","-"
"NA12286 (M)","A|A","ALL, CEU, EUR","-","-"
"NA12287 (F)","C|C","ALL, CEU, EUR","-","-"
"NA12340 (M)","C|C","ALL, CEU, EUR","-","-"
"NA12341 (F)","C|A","ALL, CEU, EUR","-","-"
"NA12342 (M)","A|A","ALL, CEU, EUR","-","-"
"NA12347 (M)","C|C","ALL, CEU, EUR","-","-"
"NA12348 (F)","C|C","ALL, CEU, EUR","-","-"
"NA12383 (F)","A|A","ALL, CEU, EUR","-","-"
"NA12399 (M)","C|C","ALL, CEU, EUR","-","-"
"NA12400 (F)","A|C","ALL, CEU, EUR","-","-"
"NA12413 (M)","A|C","ALL, CEU, EUR","-","-"
"NA12414 (F)","C|A","ALL, CEU, EUR","-","-"
"NA12489 (F)","A|A","ALL, CEU, EUR","-","-"
"NA12546 (M)","C|C","ALL, CEU, EUR","-","-"
"NA12716 (M)","A|C","ALL, CEU, EUR","-","-"
"NA12717 (F)","A|A","ALL, CEU, EUR","-","-"
"NA12718 (F)","C|A","ALL, CEU, EUR","-","-"
"NA12748 (M)","C|A","ALL, CEU, EUR","-","-"
"NA12749 (F)","C|C","ALL, CEU, EUR","-","-"
"NA12750 (M)","A|A","ALL, CEU, EUR","-","-"
"NA12751 (F)","A|A","ALL, CEU, EUR","-","-"
"NA12760 (M)","C|C","ALL, CEU, EUR","-","-"
"NA12761 (F)","C|A","ALL, CEU, EUR","-","-"
"NA12762 (M)","A|C","ALL, CEU, EUR","-","-"
"NA12763 (F)","A|C","ALL, CEU, EUR","-","-"
"NA12775 (M)","C|C","ALL, CEU, EUR","-","-"
"NA12776 (F)","C|C","ALL, CEU, EUR","-","-"
"NA12777 (M)","C|A","ALL, CEU, EUR","-","-"
"NA12778 (F)","C|A","ALL, CEU, EUR","-","-"
"NA12812 (M)","A|A","ALL, CEU, EUR","-","-"
"NA12813 (F)","C|C","ALL, CEU, EUR","-","-"
"NA12814 (M)","C|A","ALL, CEU, EUR","-","-"
"NA12815 (F)","C|A","ALL, CEU, EUR","-","-"
"NA12827 (M)","A|A","ALL, CEU, EUR","-","-"
"NA12828 (F)","A|C","ALL, CEU, EUR","-","-"
"NA12829 (M)","A|A","ALL, CEU, EUR","-","-"
"NA12830 (F)","C|C","ALL, CEU, EUR","-","-"
"NA12842 (M)","C|C","ALL, CEU, EUR","-","-"
"NA12843 (F)","A|C","ALL, CEU, EUR","-","-"
"NA12872 (M)","C|A","ALL, CEU, EUR","-","-"
"NA12873 (F)","A|A","ALL, CEU, EUR","-","-"
"NA12874 (M)","A|C","ALL, CEU, EUR","-","-"
"NA12878 (F)","C|C","ALL, CEU, EUR","-","-"
"NA12889 (M)","C|C","ALL, CEU, EUR","-","-"
"NA12890 (F)","C|A","ALL, CEU, EUR","-","-"
