url	md5	Data collection	Data type	Analysis group	Sample	Population	Data reuse policy
ftp://ftp.sra.ebi.ac.uk/vol1/fastq/ERR188/ERR188449/ERR188449_1.fastq.gz	eb9687c47ceed3a43d87a5cf24331fc4	Geuvadis	sequence	mRNA	NA18499	Yoruba in Ibadan, Nigeria	http://ftp.1000genomes.ebi.ac.uk/vol1/ftp/data_collections/geuvadis/README_geuvadis_datareuse_statement.md
ftp://ftp.sra.ebi.ac.uk/vol1/fastq/ERR204/ERR204995/ERR204995_2.fastq.gz	f6d6620154db1dd2ea2880c20f34aaa3	Geuvadis	sequence	mRNA	NA19236	Yoruba in Ibadan, Nigeria	http://ftp.1000genomes.ebi.ac.uk/vol1/ftp/data_collections/geuvadis/README_geuvadis_datareuse_statement.md
ftp://ftp.sra.ebi.ac.uk/vol1/fastq/ERR205/ERR205013/ERR205013_1.fastq.gz	67b7954e8094f2f484d874362915c3f7	Geuvadis	sequence	mRNA	NA18858	Yoruba in Ibadan, Nigeria	http://ftp.1000genomes.ebi.ac.uk/vol1/ftp/data_collections/geuvadis/README_geuvadis_datareuse_statement.md
ftp://ftp.sra.ebi.ac.uk/vol1/fastq/ERR205/ERR205017/ERR205017_2.fastq.gz	8696eb861050fb5ca53270521bcbb3ed	Geuvadis	sequence	mRNA	NA18870	Yoruba in Ibadan, Nigeria	http://ftp.1000genomes.ebi.ac.uk/vol1/ftp/data_collections/geuvadis/README_geuvadis_datareuse_statement.md
ftp://ftp.sra.ebi.ac.uk/vol1/fastq/ERR204/ERR204971/ERR204971_2.fastq.gz	6e2cb1614a9db572233ab5580de95b75	Geuvadis	sequence	mRNA	NA19185	Yoruba in Ibadan, Nigeria	http://ftp.1000genomes.ebi.ac.uk/vol1/ftp/data_collections/geuvadis/README_geuvadis_datareuse_statement.md
ftp://ftp.sra.ebi.ac.uk/vol1/fastq/ERR204/ERR204903/ERR204903_1.fastq.gz	bc3fd55b8df6ceceaee0c1537597bd36	Geuvadis	sequence	mRNA	NA18916	Yoruba in Ibadan, Nigeria	http://ftp.1000genomes.ebi.ac.uk/vol1/ftp/data_collections/geuvadis/README_geuvadis_datareuse_statement.md
ftp://ftp.sra.ebi.ac.uk/vol1/fastq/ERR204/ERR204858/ERR204858_1.fastq.gz	4021b1bb98f2a47a12b91b768c8c5316	Geuvadis	sequence	mRNA	NA19095	Yoruba in Ibadan, Nigeria	http://ftp.1000genomes.ebi.ac.uk/vol1/ftp/data_collections/geuvadis/README_geuvadis_datareuse_statement.md
ftp://ftp.sra.ebi.ac.uk/vol1/fastq/ERR204/ERR204917/ERR204917_2.fastq.gz	dc1a4a5d4011ee6099c563d55d06c6d7	Geuvadis	sequence	mRNA	NA19141	Yoruba in Ibadan, Nigeria	http://ftp.1000genomes.ebi.ac.uk/vol1/ftp/data_collections/geuvadis/README_geuvadis_datareuse_statement.md
ftp://ftp.sra.ebi.ac.uk/vol1/fastq/ERR204/ERR204956/ERR204956_1.fastq.gz	df62af4c41aec8c3125daffa10be6d52	Geuvadis	sequence	mRNA	NA19209	Yoruba in Ibadan, Nigeria	http://ftp.1000genomes.ebi.ac.uk/vol1/ftp/data_collections/geuvadis/README_geuvadis_datareuse_statement.md
ftp://ftp.sra.ebi.ac.uk/vol1/fastq/ERR204/ERR204949/ERR204949_1.fastq.gz	383060b5b74981a5af6cc11377dc9c94	Geuvadis	sequence	mRNA	NA18489	Yoruba in Ibadan, Nigeria	http://ftp.1000genomes.ebi.ac.uk/vol1/ftp/data_collections/geuvadis/README_geuvadis_datareuse_statement.md
ftp://ftp.sra.ebi.ac.uk/vol1/fastq/ERR204/ERR204852/ERR204852_2.fastq.gz	106196f5d82fb5c9c0c4399707736ce1	Geuvadis	sequence	mRNA	NA19248	Yoruba in Ibadan, Nigeria	http://ftp.1000genomes.ebi.ac.uk/vol1/ftp/data_collections/geuvadis/README_geuvadis_datareuse_statement.md
ftp://ftp.sra.ebi.ac.uk/vol1/fastq/ERR204/ERR204906/ERR204906_2.fastq.gz	785acbf0026a5e4820ae6571401c1108	Geuvadis	sequence	mRNA	NA19213	Yoruba in Ibadan, Nigeria	http://ftp.1000genomes.ebi.ac.uk/vol1/ftp/data_collections/geuvadis/README_geuvadis_datareuse_statement.md
ftp://ftp.sra.ebi.ac.uk/vol1/fastq/ERR204/ERR204847/ERR204847_1.fastq.gz	409fbb0551332f68556091b16964b497	Geuvadis	sequence	mRNA	NA19118	Yoruba in Ibadan, Nigeria	http://ftp.1000genomes.ebi.ac.uk/vol1/ftp/data_collections/geuvadis/README_geuvadis_datareuse_statement.md
ftp://ftp.sra.ebi.ac.uk/vol1/fastq/ERR204/ERR204820/ERR204820_1.fastq.gz	3df456fea900031d622b2acd00f6f05c	Geuvadis	sequence	mRNA	NA19223	Yoruba in Ibadan, Nigeria	http://ftp.1000genomes.ebi.ac.uk/vol1/ftp/data_collections/geuvadis/README_geuvadis_datareuse_statement.md
ftp://ftp.sra.ebi.ac.uk/vol1/fastq/ERR188/ERR188182/ERR188182_2.fastq.gz	1929dcdf988d9cdd8a2d4de366b5a1d6	Geuvadis	sequence	mRNA	NA18912	Yoruba in Ibadan, Nigeria	http://ftp.1000genomes.ebi.ac.uk/vol1/ftp/data_collections/geuvadis/README_geuvadis_datareuse_statement.md
ftp://ftp.sra.ebi.ac.uk/vol1/fastq/ERR188/ERR188178/ERR188178_2.fastq.gz	47bc99aae6dbb8553df3841f703f728a	Geuvadis	sequence	mRNA	NA19114	Yoruba in Ibadan, Nigeria	http://ftp.1000genomes.ebi.ac.uk/vol1/ftp/data_collections/geuvadis/README_geuvadis_datareuse_statement.md
ftp://ftp.sra.ebi.ac.uk/vol1/fastq/ERR188/ERR188344/ERR188344_2.fastq.gz	96e570381d399f121b8e553690c93188	Geuvadis	sequence	mRNA	NA18868	Yoruba in Ibadan, Nigeria	http://ftp.1000genomes.ebi.ac.uk/vol1/ftp/data_collections/geuvadis/README_geuvadis_datareuse_statement.md
ftp://ftp.sra.ebi.ac.uk/vol1/fastq/ERR188/ERR188096/ERR188096_2.fastq.gz	a7ec21a34cebd9a61cd3708546a8fa34	Geuvadis	sequence	mRNA	NA18933	Yoruba in Ibadan, Nigeria	http://ftp.1000genomes.ebi.ac.uk/vol1/ftp/data_collections/geuvadis/README_geuvadis_datareuse_statement.md
ftp://ftp.sra.ebi.ac.uk/vol1/fastq/ERR188/ERR188209/ERR188209_2.fastq.gz	bc29cc213785800b8080d920e01d74f4	Geuvadis	sequence	mRNA	NA19214	Yoruba in Ibadan, Nigeria	http://ftp.1000genomes.ebi.ac.uk/vol1/ftp/data_collections/geuvadis/README_geuvadis_datareuse_statement.md
ftp://ftp.sra.ebi.ac.uk/vol1/fastq/ERR188/ERR188427/ERR188427_1.fastq.gz	dabbaf1c0277645fba4b0bd6caa0bbfc	Geuvadis	sequence	mRNA	NA19159	Yoruba in Ibadan, Nigeria	http://ftp.1000genomes.ebi.ac.uk/vol1/ftp/data_collections/geuvadis/README_geuvadis_datareuse_statement.md
ftp://ftp.sra.ebi.ac.uk/vol1/fastq/ERR188/ERR188223/ERR188223_1.fastq.gz	fc04785d06d99916d825e29628660749	Geuvadis	sequence	mRNA	NA18908	Yoruba in Ibadan, Nigeria	http://ftp.1000genomes.ebi.ac.uk/vol1/ftp/data_collections/geuvadis/README_geuvadis_datareuse_statement.md
ftp://ftp.sra.ebi.ac.uk/vol1/fastq/ERR188/ERR188298/ERR188298_1.fastq.gz	41cbf81b57eb7052c2bfe6d91bf80dfa	Geuvadis	sequence	mRNA	NA18867	Yoruba in Ibadan, Nigeria	http://ftp.1000genomes.ebi.ac.uk/vol1/ftp/data_collections/geuvadis/README_geuvadis_datareuse_statement.md
ftp://ftp.sra.ebi.ac.uk/vol1/fastq/ERR188/ERR188170/ERR188170_2.fastq.gz	2e2eed1a3a0d6e80385d919c0d382413	Geuvadis	sequence	mRNA	NA19131	Yoruba in Ibadan, Nigeria	http://ftp.1000genomes.ebi.ac.uk/vol1/ftp/data_collections/geuvadis/README_geuvadis_datareuse_statement.md
ftp://ftp.sra.ebi.ac.uk/vol1/fastq/ERR188/ERR188451/ERR188451_1.fastq.gz	9bd6ea142d242c9f021206f59ccdcc1c	Geuvadis	sequence	mRNA	NA19149	Yoruba in Ibadan, Nigeria	http://ftp.1000genomes.ebi.ac.uk/vol1/ftp/data_collections/geuvadis/README_geuvadis_datareuse_statement.md
ftp://ftp.sra.ebi.ac.uk/vol1/fastq/ERR188/ERR188306/ERR188306_2.fastq.gz	21e2568033a856b265350ed7368f0f2c	Geuvadis	sequence	mRNA	NA19138	Yoruba in Ibadan, Nigeria	http://ftp.1000genomes.ebi.ac.uk/vol1/ftp/data_collections/geuvadis/README_geuvadis_datareuse_statement.md
ftp://ftp.sra.ebi.ac.uk/vol1/fastq/ERR188/ERR188193/ERR188193_2.fastq.gz	fb921722c3663076cf6046ddb375cc2e	Geuvadis	sequence	mRNA	NA19141	Yoruba in Ibadan, Nigeria	http://ftp.1000genomes.ebi.ac.uk/vol1/ftp/data_collections/geuvadis/README_geuvadis_datareuse_statement.md
ftp://ftp.sra.ebi.ac.uk/vol1/fastq/ERR188/ERR188390/ERR188390_2.fastq.gz	76c8368ea63f5f209bb8482c201fe3c8	Geuvadis	sequence	mRNA	NA19235	Yoruba in Ibadan, Nigeria	http://ftp.1000genomes.ebi.ac.uk/vol1/ftp/data_collections/geuvadis/README_geuvadis_datareuse_statement.md
ftp://ftp.sra.ebi.ac.uk/vol1/fastq/ERR188/ERR188055/ERR188055_1.fastq.gz	8ddf5a3b5f07b5f923401bd8f2f38096	Geuvadis	sequence	mRNA	NA19171	Yoruba in Ibadan, Nigeria	http://ftp.1000genomes.ebi.ac.uk/vol1/ftp/data_collections/geuvadis/README_geuvadis_datareuse_statement.md
ftp://ftp.sra.ebi.ac.uk/vol1/fastq/ERR188/ERR188143/ERR188143_1.fastq.gz	a0c15e09cd0a1f2e47d951a5de36732c	Geuvadis	sequence	mRNA	NA18487	Yoruba in Ibadan, Nigeria	http://ftp.1000genomes.ebi.ac.uk/vol1/ftp/data_collections/geuvadis/README_geuvadis_datareuse_statement.md
ftp://ftp.sra.ebi.ac.uk/vol1/fastq/ERR188/ERR188261/ERR188261_1.fastq.gz	bd2be1470ae39a62e4dda6de976af5b2	Geuvadis	sequence	mRNA	NA19108	Yoruba in Ibadan, Nigeria	http://ftp.1000genomes.ebi.ac.uk/vol1/ftp/data_collections/geuvadis/README_geuvadis_datareuse_statement.md
ftp://ftp.sra.ebi.ac.uk/vol1/fastq/ERR188/ERR188174/ERR188174_2.fastq.gz	a928e3d3ecb77420ad1ec6c1c9ac8053	Geuvadis	sequence	mRNA	NA19198	Yoruba in Ibadan, Nigeria	http://ftp.1000genomes.ebi.ac.uk/vol1/ftp/data_collections/geuvadis/README_geuvadis_datareuse_statement.md
ftp://ftp.sra.ebi.ac.uk/vol1/fastq/ERR188/ERR188292/ERR188292_2.fastq.gz	63a2a1b8f84598c58b12843870d3cc9b	Geuvadis	sequence	mRNA	NA19189	Yoruba in Ibadan, Nigeria	http://ftp.1000genomes.ebi.ac.uk/vol1/ftp/data_collections/geuvadis/README_geuvadis_datareuse_statement.md
ftp://ftp.sra.ebi.ac.uk/vol1/fastq/ERR188/ERR188097/ERR188097_2.fastq.gz	57020c0858e6875e8ef8c36c584d12f1	Geuvadis	sequence	mRNA	NA18511	Yoruba in Ibadan, Nigeria	http://ftp.1000genomes.ebi.ac.uk/vol1/ftp/data_collections/geuvadis/README_geuvadis_datareuse_statement.md
ftp://ftp.sra.ebi.ac.uk/vol1/fastq/ERR188/ERR188421/ERR188421_1.fastq.gz	21223c78818025dbccb3fe27bd045312	Geuvadis	sequence	mRNA	NA19225	Yoruba in Ibadan, Nigeria	http://ftp.1000genomes.ebi.ac.uk/vol1/ftp/data_collections/geuvadis/README_geuvadis_datareuse_statement.md
ftp://ftp.sra.ebi.ac.uk/vol1/fastq/ERR188/ERR188447/ERR188447_2.fastq.gz	3d75031dace078b22fca6d50e478eade	Geuvadis	sequence	mRNA	NA18934	Yoruba in Ibadan, Nigeria	http://ftp.1000genomes.ebi.ac.uk/vol1/ftp/data_collections/geuvadis/README_geuvadis_datareuse_statement.md
ftp://ftp.sra.ebi.ac.uk/vol1/fastq/ERR188/ERR188363/ERR188363_2.fastq.gz	31450624f85ec2bc247a9647f3276934	Geuvadis	sequence	mRNA	NA19206	Yoruba in Ibadan, Nigeria	http://ftp.1000genomes.ebi.ac.uk/vol1/ftp/data_collections/geuvadis/README_geuvadis_datareuse_statement.md
ftp://ftp.sra.ebi.ac.uk/vol1/fastq/ERR188/ERR188131/ERR188131_1.fastq.gz	0526810222606f1326531fc25782d3db	Geuvadis	sequence	mRNA	NA19213	Yoruba in Ibadan, Nigeria	http://ftp.1000genomes.ebi.ac.uk/vol1/ftp/data_collections/geuvadis/README_geuvadis_datareuse_statement.md
ftp://ftp.sra.ebi.ac.uk/vol1/fastq/ERR188/ERR188275/ERR188275_2.fastq.gz	fbf7d325570105902a45732f3f404f7f	Geuvadis	sequence	mRNA	NA19201	Yoruba in Ibadan, Nigeria	http://ftp.1000genomes.ebi.ac.uk/vol1/ftp/data_collections/geuvadis/README_geuvadis_datareuse_statement.md
ftp://ftp.sra.ebi.ac.uk/vol1/fastq/ERR204/ERR204828/ERR204828_2.fastq.gz	a8d4bd2717ac3af3e8f33f2f19fefcd3	Geuvadis	sequence	mRNA	NA19129	Yoruba in Ibadan, Nigeria	http://ftp.1000genomes.ebi.ac.uk/vol1/ftp/data_collections/geuvadis/README_geuvadis_datareuse_statement.md
ftp://ftp.sra.ebi.ac.uk/vol1/fastq/ERR204/ERR204849/ERR204849_1.fastq.gz	b51f69cb97f4a1a37293134c26f4264d	Geuvadis	sequence	mRNA	NA19107	Yoruba in Ibadan, Nigeria	http://ftp.1000genomes.ebi.ac.uk/vol1/ftp/data_collections/geuvadis/README_geuvadis_datareuse_statement.md
ftp://ftp.sra.ebi.ac.uk/vol1/fastq/ERR204/ERR204835/ERR204835_1.fastq.gz	4eea67366d71587c9d56f31579decfc4	Geuvadis	sequence	mRNA	NA18517	Yoruba in Ibadan, Nigeria	http://ftp.1000genomes.ebi.ac.uk/vol1/ftp/data_collections/geuvadis/README_geuvadis_datareuse_statement.md
ftp://ftp.sra.ebi.ac.uk/vol1/fastq/ERR204/ERR204966/ERR204966_1.fastq.gz	a75f373eaa9c1be2dbf74ed836dda069	Geuvadis	sequence	mRNA	NA19200	Yoruba in Ibadan, Nigeria	http://ftp.1000genomes.ebi.ac.uk/vol1/ftp/data_collections/geuvadis/README_geuvadis_datareuse_statement.md
ftp://ftp.sra.ebi.ac.uk/vol1/fastq/ERR204/ERR204845/ERR204845_1.fastq.gz	07c2041bc3eff6c23684eb0a3fa7d3b0	Geuvadis	sequence	mRNA	NA19152	Yoruba in Ibadan, Nigeria	http://ftp.1000genomes.ebi.ac.uk/vol1/ftp/data_collections/geuvadis/README_geuvadis_datareuse_statement.md
ftp://ftp.sra.ebi.ac.uk/vol1/fastq/ERR204/ERR204877/ERR204877_1.fastq.gz	a29b09927164c04379564ea043e08502	Geuvadis	sequence	mRNA	NA18910	Yoruba in Ibadan, Nigeria	http://ftp.1000genomes.ebi.ac.uk/vol1/ftp/data_collections/geuvadis/README_geuvadis_datareuse_statement.md
ftp://ftp.sra.ebi.ac.uk/vol1/fastq/ERR205/ERR205009/ERR205009_1.fastq.gz	860f6c5840c406c10dca9590f8e90899	Geuvadis	sequence	mRNA	NA19095	Yoruba in Ibadan, Nigeria	http://ftp.1000genomes.ebi.ac.uk/vol1/ftp/data_collections/geuvadis/README_geuvadis_datareuse_statement.md
ftp://ftp.sra.ebi.ac.uk/vol1/fastq/ERR204/ERR204970/ERR204970_2.fastq.gz	33bf052587eeda52fa8202aeb23c410a	Geuvadis	sequence	mRNA	NA19222	Yoruba in Ibadan, Nigeria	http://ftp.1000genomes.ebi.ac.uk/vol1/ftp/data_collections/geuvadis/README_geuvadis_datareuse_statement.md
ftp://ftp.sra.ebi.ac.uk/vol1/fastq/ERR204/ERR204963/ERR204963_2.fastq.gz	c28e437b589439446c5b53483caa6097	Geuvadis	sequence	mRNA	NA18868	Yoruba in Ibadan, Nigeria	http://ftp.1000genomes.ebi.ac.uk/vol1/ftp/data_collections/geuvadis/README_geuvadis_datareuse_statement.md
ftp://ftp.sra.ebi.ac.uk/vol1/fastq/ERR204/ERR204987/ERR204987_2.fastq.gz	c8abfb5d15e19462b3e48f2690f91172	Geuvadis	sequence	mRNA	NA19130	Yoruba in Ibadan, Nigeria	http://ftp.1000genomes.ebi.ac.uk/vol1/ftp/data_collections/geuvadis/README_geuvadis_datareuse_statement.md
ftp://ftp.sra.ebi.ac.uk/vol1/fastq/ERR204/ERR204843/ERR204843_1.fastq.gz	96c8ca07d1a27e14749dd46a7a0bf386	Geuvadis	sequence	mRNA	NA19095	Yoruba in Ibadan, Nigeria	http://ftp.1000genomes.ebi.ac.uk/vol1/ftp/data_collections/geuvadis/README_geuvadis_datareuse_statement.md
ftp://ftp.sra.ebi.ac.uk/vol1/fastq/ERR204/ERR204888/ERR204888_1.fastq.gz	7cbb8e5a32f9a4732f8f4ed88b66acee	Geuvadis	sequence	mRNA	NA18934	Yoruba in Ibadan, Nigeria	http://ftp.1000genomes.ebi.ac.uk/vol1/ftp/data_collections/geuvadis/README_geuvadis_datareuse_statement.md
ftp://ftp.sra.ebi.ac.uk/vol1/fastq/ERR204/ERR204942/ERR204942_1.fastq.gz	2d63933aebdea65180c9cb356f09860a	Geuvadis	sequence	mRNA	NA18908	Yoruba in Ibadan, Nigeria	http://ftp.1000genomes.ebi.ac.uk/vol1/ftp/data_collections/geuvadis/README_geuvadis_datareuse_statement.md
ftp://ftp.sra.ebi.ac.uk/vol1/fastq/ERR204/ERR204938/ERR204938_1.fastq.gz	eb0541e80bb75d7a14557186871e5940	Geuvadis	sequence	mRNA	NA19257	Yoruba in Ibadan, Nigeria	http://ftp.1000genomes.ebi.ac.uk/vol1/ftp/data_collections/geuvadis/README_geuvadis_datareuse_statement.md
ftp://ftp.sra.ebi.ac.uk/vol1/fastq/ERR204/ERR204859/ERR204859_1.fastq.gz	db96ab805b1a767ff51c3c346912b06b	Geuvadis	sequence	mRNA	NA18486	Yoruba in Ibadan, Nigeria	http://ftp.1000genomes.ebi.ac.uk/vol1/ftp/data_collections/geuvadis/README_geuvadis_datareuse_statement.md
ftp://ftp.sra.ebi.ac.uk/vol1/fastq/ERR204/ERR204821/ERR204821_2.fastq.gz	0f4fd7727fcbfc14d6378fed6711820a	Geuvadis	sequence	mRNA	NA19159	Yoruba in Ibadan, Nigeria	http://ftp.1000genomes.ebi.ac.uk/vol1/ftp/data_collections/geuvadis/README_geuvadis_datareuse_statement.md
ftp://ftp.sra.ebi.ac.uk/vol1/fastq/ERR188/ERR188037/ERR188037_2.fastq.gz	616bb2b0575c586384a6ca7c278f9464	Geuvadis	sequence	mRNA	NA19236	Yoruba in Ibadan, Nigeria	http://ftp.1000genomes.ebi.ac.uk/vol1/ftp/data_collections/geuvadis/README_geuvadis_datareuse_statement.md
ftp://ftp.sra.ebi.ac.uk/vol1/fastq/ERR188/ERR188042/ERR188042_2.fastq.gz	d67ac97221081268d552ce11e35efe4a	Geuvadis	sequence	mRNA	NA19204	Yoruba in Ibadan, Nigeria	http://ftp.1000genomes.ebi.ac.uk/vol1/ftp/data_collections/geuvadis/README_geuvadis_datareuse_statement.md
ftp://ftp.sra.ebi.ac.uk/vol1/fastq/ERR188/ERR188392/ERR188392_1.fastq.gz	cf457ccb2dcb37177c90948c3fd50fe5	Geuvadis	sequence	mRNA	NA19210	Yoruba in Ibadan, Nigeria	http://ftp.1000genomes.ebi.ac.uk/vol1/ftp/data_collections/geuvadis/README_geuvadis_datareuse_statement.md
ftp://ftp.sra.ebi.ac.uk/vol1/fastq/ERR188/ERR188463/ERR188463_1.fastq.gz	5806f9b4613379f0eeabee1608827ed2	Geuvadis	sequence	mRNA	NA19247	Yoruba in Ibadan, Nigeria	http://ftp.1000genomes.ebi.ac.uk/vol1/ftp/data_collections/geuvadis/README_geuvadis_datareuse_statement.md
ftp://ftp.sra.ebi.ac.uk/vol1/fastq/ERR188/ERR188128/ERR188128_2.fastq.gz	d7541e5da86e45800221323c33c2b43a	Geuvadis	sequence	mRNA	NA19092	Yoruba in Ibadan, Nigeria	http://ftp.1000genomes.ebi.ac.uk/vol1/ftp/data_collections/geuvadis/README_geuvadis_datareuse_statement.md
ftp://ftp.sra.ebi.ac.uk/vol1/fastq/ERR188/ERR188311/ERR188311_2.fastq.gz	5e9f7b204022f25794dd7369ba33182a	Geuvadis	sequence	mRNA	NA18488	Yoruba in Ibadan, Nigeria	http://ftp.1000genomes.ebi.ac.uk/vol1/ftp/data_collections/geuvadis/README_geuvadis_datareuse_statement.md
ftp://ftp.sra.ebi.ac.uk/vol1/fastq/ERR188/ERR188365/ERR188365_1.fastq.gz	670b1a5294697f5038d21f13a6a696e7	Geuvadis	sequence	mRNA	NA19117	Yoruba in Ibadan, Nigeria	http://ftp.1000genomes.ebi.ac.uk/vol1/ftp/data_collections/geuvadis/README_geuvadis_datareuse_statement.md
ftp://ftp.sra.ebi.ac.uk/vol1/fastq/ERR188/ERR188211/ERR188211_2.fastq.gz	ca37cb0011d1f641d76eb6693a3a1b67	Geuvadis	sequence	mRNA	NA19175	Yoruba in Ibadan, Nigeria	http://ftp.1000genomes.ebi.ac.uk/vol1/ftp/data_collections/geuvadis/README_geuvadis_datareuse_statement.md
ftp://ftp.sra.ebi.ac.uk/vol1/fastq/ERR188/ERR188158/ERR188158_1.fastq.gz	580443c6e0a41d297c8c02e2695d096a	Geuvadis	sequence	mRNA	NA18502	Yoruba in Ibadan, Nigeria	http://ftp.1000genomes.ebi.ac.uk/vol1/ftp/data_collections/geuvadis/README_geuvadis_datareuse_statement.md
ftp://ftp.sra.ebi.ac.uk/vol1/fastq/ERR188/ERR188243/ERR188243_1.fastq.gz	1ad70dd8391024e97174846078053f39	Geuvadis	sequence	mRNA	NA19098	Yoruba in Ibadan, Nigeria	http://ftp.1000genomes.ebi.ac.uk/vol1/ftp/data_collections/geuvadis/README_geuvadis_datareuse_statement.md
ftp://ftp.sra.ebi.ac.uk/vol1/fastq/ERR188/ERR188364/ERR188364_1.fastq.gz	be4740dbd98ec566902a4694d21da5b2	Geuvadis	sequence	mRNA	NA19248	Yoruba in Ibadan, Nigeria	http://ftp.1000genomes.ebi.ac.uk/vol1/ftp/data_collections/geuvadis/README_geuvadis_datareuse_statement.md
ftp://ftp.sra.ebi.ac.uk/vol1/fastq/ERR188/ERR188193/ERR188193_1.fastq.gz	e0a7c88b4b106bd92f4e30a4a390f8d3	Geuvadis	sequence	mRNA	NA19141	Yoruba in Ibadan, Nigeria	http://ftp.1000genomes.ebi.ac.uk/vol1/ftp/data_collections/geuvadis/README_geuvadis_datareuse_statement.md
ftp://ftp.sra.ebi.ac.uk/vol1/fastq/ERR188/ERR188390/ERR188390_1.fastq.gz	a9b60d03952097974d904302ad3e254a	Geuvadis	sequence	mRNA	NA19235	Yoruba in Ibadan, Nigeria	http://ftp.1000genomes.ebi.ac.uk/vol1/ftp/data_collections/geuvadis/README_geuvadis_datareuse_statement.md
ftp://ftp.sra.ebi.ac.uk/vol1/fastq/ERR188/ERR188174/ERR188174_1.fastq.gz	a313e609dd9898b5934211350425f6c9	Geuvadis	sequence	mRNA	NA19198	Yoruba in Ibadan, Nigeria	http://ftp.1000genomes.ebi.ac.uk/vol1/ftp/data_collections/geuvadis/README_geuvadis_datareuse_statement.md
ftp://ftp.sra.ebi.ac.uk/vol1/fastq/ERR188/ERR188225/ERR188225_1.fastq.gz	b76042731260d004652be0579cd8f693	Geuvadis	sequence	mRNA	NA19152	Yoruba in Ibadan, Nigeria	http://ftp.1000genomes.ebi.ac.uk/vol1/ftp/data_collections/geuvadis/README_geuvadis_datareuse_statement.md
ftp://ftp.sra.ebi.ac.uk/vol1/fastq/ERR188/ERR188292/ERR188292_1.fastq.gz	9137de3e9bc6b3c882f4a99158bf01f4	Geuvadis	sequence	mRNA	NA19189	Yoruba in Ibadan, Nigeria	http://ftp.1000genomes.ebi.ac.uk/vol1/ftp/data_collections/geuvadis/README_geuvadis_datareuse_statement.md
ftp://ftp.sra.ebi.ac.uk/vol1/fastq/ERR204/ERR204994/ERR204994_2.fastq.gz	5920d2f97997eb5171393419c0886e55	Geuvadis	sequence	mRNA	NA19119	Yoruba in Ibadan, Nigeria	http://ftp.1000genomes.ebi.ac.uk/vol1/ftp/data_collections/geuvadis/README_geuvadis_datareuse_statement.md
ftp://ftp.sra.ebi.ac.uk/vol1/fastq/ERR204/ERR204828/ERR204828_1.fastq.gz	b575943a3419992b1bbf7f9cb6203405	Geuvadis	sequence	mRNA	NA19129	Yoruba in Ibadan, Nigeria	http://ftp.1000genomes.ebi.ac.uk/vol1/ftp/data_collections/geuvadis/README_geuvadis_datareuse_statement.md
ftp://ftp.sra.ebi.ac.uk/vol1/fastq/ERR204/ERR204849/ERR204849_2.fastq.gz	6fb039cf932ec04c74b57c639a70946c	Geuvadis	sequence	mRNA	NA19107	Yoruba in Ibadan, Nigeria	http://ftp.1000genomes.ebi.ac.uk/vol1/ftp/data_collections/geuvadis/README_geuvadis_datareuse_statement.md
ftp://ftp.sra.ebi.ac.uk/vol1/fastq/ERR204/ERR204835/ERR204835_2.fastq.gz	c546e88ce935cc6bba5b47151e7055d4	Geuvadis	sequence	mRNA	NA18517	Yoruba in Ibadan, Nigeria	http://ftp.1000genomes.ebi.ac.uk/vol1/ftp/data_collections/geuvadis/README_geuvadis_datareuse_statement.md
ftp://ftp.sra.ebi.ac.uk/vol1/fastq/ERR204/ERR204845/ERR204845_2.fastq.gz	cebe6aa3e1ad563ecf8478511b97ee23	Geuvadis	sequence	mRNA	NA19152	Yoruba in Ibadan, Nigeria	http://ftp.1000genomes.ebi.ac.uk/vol1/ftp/data_collections/geuvadis/README_geuvadis_datareuse_statement.md
ftp://ftp.sra.ebi.ac.uk/vol1/fastq/ERR204/ERR204877/ERR204877_2.fastq.gz	d1065691067b37bc093568362e392d15	Geuvadis	sequence	mRNA	NA18910	Yoruba in Ibadan, Nigeria	http://ftp.1000genomes.ebi.ac.uk/vol1/ftp/data_collections/geuvadis/README_geuvadis_datareuse_statement.md
ftp://ftp.sra.ebi.ac.uk/vol1/fastq/ERR205/ERR205019/ERR205019_1.fastq.gz	4a5e65db398ebdc27e93a0de32d2df49	Geuvadis	sequence	mRNA	NA18502	Yoruba in Ibadan, Nigeria	http://ftp.1000genomes.ebi.ac.uk/vol1/ftp/data_collections/geuvadis/README_geuvadis_datareuse_statement.md
ftp://ftp.sra.ebi.ac.uk/vol1/fastq/ERR204/ERR204970/ERR204970_1.fastq.gz	6d347d77a8798fc422881907c05ec6e4	Geuvadis	sequence	mRNA	NA19222	Yoruba in Ibadan, Nigeria	http://ftp.1000genomes.ebi.ac.uk/vol1/ftp/data_collections/geuvadis/README_geuvadis_datareuse_statement.md
ftp://ftp.sra.ebi.ac.uk/vol1/fastq/ERR204/ERR204963/ERR204963_1.fastq.gz	b66f2ff4ec5adc87c942c531fdd98e6b	Geuvadis	sequence	mRNA	NA18868	Yoruba in Ibadan, Nigeria	http://ftp.1000genomes.ebi.ac.uk/vol1/ftp/data_collections/geuvadis/README_geuvadis_datareuse_statement.md
ftp://ftp.sra.ebi.ac.uk/vol1/fastq/ERR204/ERR204981/ERR204981_2.fastq.gz	2041e4937eade3fa13c68de684524621	Geuvadis	sequence	mRNA	NA19160	Yoruba in Ibadan, Nigeria	http://ftp.1000genomes.ebi.ac.uk/vol1/ftp/data_collections/geuvadis/README_geuvadis_datareuse_statement.md
ftp://ftp.sra.ebi.ac.uk/vol1/fastq/ERR204/ERR204904/ERR204904_2.fastq.gz	eeb97833b2b8d1052d5d9268eb50d208	Geuvadis	sequence	mRNA	NA19189	Yoruba in Ibadan, Nigeria	http://ftp.1000genomes.ebi.ac.uk/vol1/ftp/data_collections/geuvadis/README_geuvadis_datareuse_statement.md
ftp://ftp.sra.ebi.ac.uk/vol1/fastq/ERR204/ERR204851/ERR204851_2.fastq.gz	2c5df6f0d5b3a9b593a449c81615f37b	Geuvadis	sequence	mRNA	NA18912	Yoruba in Ibadan, Nigeria	http://ftp.1000genomes.ebi.ac.uk/vol1/ftp/data_collections/geuvadis/README_geuvadis_datareuse_statement.md
ftp://ftp.sra.ebi.ac.uk/vol1/fastq/ERR204/ERR204888/ERR204888_2.fastq.gz	98d07a7ee184f4c27323522d369902c2	Geuvadis	sequence	mRNA	NA18934	Yoruba in Ibadan, Nigeria	http://ftp.1000genomes.ebi.ac.uk/vol1/ftp/data_collections/geuvadis/README_geuvadis_datareuse_statement.md
ftp://ftp.sra.ebi.ac.uk/vol1/fastq/ERR204/ERR204985/ERR204985_1.fastq.gz	3e42aee3bc192b0139cda0e8144b0bfe	Geuvadis	sequence	mRNA	NA19144	Yoruba in Ibadan, Nigeria	http://ftp.1000genomes.ebi.ac.uk/vol1/ftp/data_collections/geuvadis/README_geuvadis_datareuse_statement.md
ftp://ftp.sra.ebi.ac.uk/vol1/fastq/ERR204/ERR204930/ERR204930_2.fastq.gz	381fcccad8e99ec4457f692915e660d3	Geuvadis	sequence	mRNA	NA19095	Yoruba in Ibadan, Nigeria	http://ftp.1000genomes.ebi.ac.uk/vol1/ftp/data_collections/geuvadis/README_geuvadis_datareuse_statement.md
ftp://ftp.sra.ebi.ac.uk/vol1/fastq/ERR204/ERR204942/ERR204942_2.fastq.gz	3aba81a7570460fc01c7d3849c6de476	Geuvadis	sequence	mRNA	NA18908	Yoruba in Ibadan, Nigeria	http://ftp.1000genomes.ebi.ac.uk/vol1/ftp/data_collections/geuvadis/README_geuvadis_datareuse_statement.md
ftp://ftp.sra.ebi.ac.uk/vol1/fastq/ERR204/ERR204996/ERR204996_2.fastq.gz	a3c946d40a9914fb8a6356c8e04e087c	Geuvadis	sequence	mRNA	NA18511	Yoruba in Ibadan, Nigeria	http://ftp.1000genomes.ebi.ac.uk/vol1/ftp/data_collections/geuvadis/README_geuvadis_datareuse_statement.md
ftp://ftp.sra.ebi.ac.uk/vol1/fastq/ERR204/ERR204938/ERR204938_2.fastq.gz	27b4b8f62089832cb05aea6d7d1f0e0e	Geuvadis	sequence	mRNA	NA19257	Yoruba in Ibadan, Nigeria	http://ftp.1000genomes.ebi.ac.uk/vol1/ftp/data_collections/geuvadis/README_geuvadis_datareuse_statement.md
ftp://ftp.sra.ebi.ac.uk/vol1/fastq/ERR204/ERR204925/ERR204925_2.fastq.gz	5a3c89659758044654ff346a2be909d0	Geuvadis	sequence	mRNA	NA18498	Yoruba in Ibadan, Nigeria	http://ftp.1000genomes.ebi.ac.uk/vol1/ftp/data_collections/geuvadis/README_geuvadis_datareuse_statement.md
ftp://ftp.sra.ebi.ac.uk/vol1/fastq/ERR205/ERR205007/ERR205007_2.fastq.gz	ec1667dc77d5d5027a5bc9f983eed2b2	Geuvadis	sequence	mRNA	NA19146	Yoruba in Ibadan, Nigeria	http://ftp.1000genomes.ebi.ac.uk/vol1/ftp/data_collections/geuvadis/README_geuvadis_datareuse_statement.md
ftp://ftp.sra.ebi.ac.uk/vol1/fastq/ERR204/ERR204933/ERR204933_2.fastq.gz	3d603ecd89dcbffb3854fb3750eda77c	Geuvadis	sequence	mRNA	NA19256	Yoruba in Ibadan, Nigeria	http://ftp.1000genomes.ebi.ac.uk/vol1/ftp/data_collections/geuvadis/README_geuvadis_datareuse_statement.md
ftp://ftp.sra.ebi.ac.uk/vol1/fastq/ERR204/ERR204821/ERR204821_1.fastq.gz	b2e824822e2a82fe753c903bf1ba8b05	Geuvadis	sequence	mRNA	NA19159	Yoruba in Ibadan, Nigeria	http://ftp.1000genomes.ebi.ac.uk/vol1/ftp/data_collections/geuvadis/README_geuvadis_datareuse_statement.md
ftp://ftp.sra.ebi.ac.uk/vol1/fastq/ERR205/ERR205013/ERR205013_2.fastq.gz	2b28db6aed3af32bc2880cbe96ffa5f8	Geuvadis	sequence	mRNA	NA18858	Yoruba in Ibadan, Nigeria	http://ftp.1000genomes.ebi.ac.uk/vol1/ftp/data_collections/geuvadis/README_geuvadis_datareuse_statement.md
ftp://ftp.sra.ebi.ac.uk/vol1/fastq/ERR204/ERR204892/ERR204892_2.fastq.gz	9fbe0afaf1da841a553896064045e9fc	Geuvadis	sequence	mRNA	NA19121	Yoruba in Ibadan, Nigeria	http://ftp.1000genomes.ebi.ac.uk/vol1/ftp/data_collections/geuvadis/README_geuvadis_datareuse_statement.md
ftp://ftp.sra.ebi.ac.uk/vol1/fastq/ERR205/ERR205017/ERR205017_1.fastq.gz	4adbfe7e628738243757df10389502f7	Geuvadis	sequence	mRNA	NA18870	Yoruba in Ibadan, Nigeria	http://ftp.1000genomes.ebi.ac.uk/vol1/ftp/data_collections/geuvadis/README_geuvadis_datareuse_statement.md
ftp://ftp.sra.ebi.ac.uk/vol1/fastq/ERR204/ERR204971/ERR204971_1.fastq.gz	2e921f1a6b42ab5492bb4f0d45448107	Geuvadis	sequence	mRNA	NA19185	Yoruba in Ibadan, Nigeria	http://ftp.1000genomes.ebi.ac.uk/vol1/ftp/data_collections/geuvadis/README_geuvadis_datareuse_statement.md
ftp://ftp.sra.ebi.ac.uk/vol1/fastq/ERR204/ERR204903/ERR204903_2.fastq.gz	55034e55b0e70f7b116a9cc7998a12d5	Geuvadis	sequence	mRNA	NA18916	Yoruba in Ibadan, Nigeria	http://ftp.1000genomes.ebi.ac.uk/vol1/ftp/data_collections/geuvadis/README_geuvadis_datareuse_statement.md
ftp://ftp.sra.ebi.ac.uk/vol1/fastq/ERR205/ERR205018/ERR205018_1.fastq.gz	59a3fc3b89da7c573e9d236e901bb60d	Geuvadis	sequence	mRNA	NA19113	Yoruba in Ibadan, Nigeria	http://ftp.1000genomes.ebi.ac.uk/vol1/ftp/data_collections/geuvadis/README_geuvadis_datareuse_statement.md
ftp://ftp.sra.ebi.ac.uk/vol1/fastq/ERR204/ERR204896/ERR204896_2.fastq.gz	2e684534e0db1bd14276ab8983495dc3	Geuvadis	sequence	mRNA	NA18909	Yoruba in Ibadan, Nigeria	http://ftp.1000genomes.ebi.ac.uk/vol1/ftp/data_collections/geuvadis/README_geuvadis_datareuse_statement.md
ftp://ftp.sra.ebi.ac.uk/vol1/fastq/ERR204/ERR204917/ERR204917_1.fastq.gz	9b5caf139be27889105b241de2a4f627	Geuvadis	sequence	mRNA	NA19141	Yoruba in Ibadan, Nigeria	http://ftp.1000genomes.ebi.ac.uk/vol1/ftp/data_collections/geuvadis/README_geuvadis_datareuse_statement.md
ftp://ftp.sra.ebi.ac.uk/vol1/fastq/ERR204/ERR204878/ERR204878_2.fastq.gz	d2761acb7570a7b66162f9757b23e51e	Geuvadis	sequence	mRNA	NA19108	Yoruba in Ibadan, Nigeria	http://ftp.1000genomes.ebi.ac.uk/vol1/ftp/data_collections/geuvadis/README_geuvadis_datareuse_statement.md
ftp://ftp.sra.ebi.ac.uk/vol1/fastq/ERR204/ERR204949/ERR204949_2.fastq.gz	44e593ea055691ac61a9ff2c962c2f97	Geuvadis	sequence	mRNA	NA18489	Yoruba in Ibadan, Nigeria	http://ftp.1000genomes.ebi.ac.uk/vol1/ftp/data_collections/geuvadis/README_geuvadis_datareuse_statement.md
ftp://ftp.sra.ebi.ac.uk/vol1/fastq/ERR204/ERR204847/ERR204847_2.fastq.gz	fe6f3dc38757ec9e7aeb5e0b34651f0d	Geuvadis	sequence	mRNA	NA19118	Yoruba in Ibadan, Nigeria	http://ftp.1000genomes.ebi.ac.uk/vol1/ftp/data_collections/geuvadis/README_geuvadis_datareuse_statement.md
ftp://ftp.sra.ebi.ac.uk/vol1/fastq/ERR204/ERR204923/ERR204923_2.fastq.gz	8d9c43bdf16ebf68457d9300898af70b	Geuvadis	sequence	mRNA	NA19214	Yoruba in Ibadan, Nigeria	http://ftp.1000genomes.ebi.ac.uk/vol1/ftp/data_collections/geuvadis/README_geuvadis_datareuse_statement.md
ftp://ftp.sra.ebi.ac.uk/vol1/fastq/ERR204/ERR204820/ERR204820_2.fastq.gz	125cab42bcefb7f1218f65c078e750a9	Geuvadis	sequence	mRNA	NA19223	Yoruba in Ibadan, Nigeria	http://ftp.1000genomes.ebi.ac.uk/vol1/ftp/data_collections/geuvadis/README_geuvadis_datareuse_statement.md
ftp://ftp.sra.ebi.ac.uk/vol1/fastq/ERR188/ERR188182/ERR188182_1.fastq.gz	1c191583f744748f97e19093d24c1f89	Geuvadis	sequence	mRNA	NA18912	Yoruba in Ibadan, Nigeria	http://ftp.1000genomes.ebi.ac.uk/vol1/ftp/data_collections/geuvadis/README_geuvadis_datareuse_statement.md
ftp://ftp.sra.ebi.ac.uk/vol1/fastq/ERR188/ERR188207/ERR188207_2.fastq.gz	ce4ab98f094f2cd4d24d9c84cd8ee425	Geuvadis	sequence	mRNA	NA19222	Yoruba in Ibadan, Nigeria	http://ftp.1000genomes.ebi.ac.uk/vol1/ftp/data_collections/geuvadis/README_geuvadis_datareuse_statement.md
ftp://ftp.sra.ebi.ac.uk/vol1/fastq/ERR188/ERR188165/ERR188165_2.fastq.gz	ac2a15f445f36adb3ba639dea93e2a41	Geuvadis	sequence	mRNA	NA18510	Yoruba in Ibadan, Nigeria	http://ftp.1000genomes.ebi.ac.uk/vol1/ftp/data_collections/geuvadis/README_geuvadis_datareuse_statement.md
ftp://ftp.sra.ebi.ac.uk/vol1/fastq/ERR188/ERR188268/ERR188268_1.fastq.gz	9e15525d6682a68a4f94f1518c9105ad	Geuvadis	sequence	mRNA	NA19095	Yoruba in Ibadan, Nigeria	http://ftp.1000genomes.ebi.ac.uk/vol1/ftp/data_collections/geuvadis/README_geuvadis_datareuse_statement.md
ftp://ftp.sra.ebi.ac.uk/vol1/fastq/ERR188/ERR188096/ERR188096_1.fastq.gz	d7c1a8517d6cf1cb3553349bb3d4932a	Geuvadis	sequence	mRNA	NA18933	Yoruba in Ibadan, Nigeria	http://ftp.1000genomes.ebi.ac.uk/vol1/ftp/data_collections/geuvadis/README_geuvadis_datareuse_statement.md
ftp://ftp.sra.ebi.ac.uk/vol1/fastq/ERR188/ERR188459/ERR188459_2.fastq.gz	da70b882b76627e627152563e2ea1a87	Geuvadis	sequence	mRNA	NA19143	Yoruba in Ibadan, Nigeria	http://ftp.1000genomes.ebi.ac.uk/vol1/ftp/data_collections/geuvadis/README_geuvadis_datareuse_statement.md
ftp://ftp.sra.ebi.ac.uk/vol1/fastq/ERR188/ERR188427/ERR188427_2.fastq.gz	f0a3169571fa99ea12fa6182ffa51b3c	Geuvadis	sequence	mRNA	NA19159	Yoruba in Ibadan, Nigeria	http://ftp.1000genomes.ebi.ac.uk/vol1/ftp/data_collections/geuvadis/README_geuvadis_datareuse_statement.md
ftp://ftp.sra.ebi.ac.uk/vol1/fastq/ERR188/ERR188273/ERR188273_2.fastq.gz	c2d1bacfe80753e925659f83b6eef76f	Geuvadis	sequence	mRNA	NA18505	Yoruba in Ibadan, Nigeria	http://ftp.1000genomes.ebi.ac.uk/vol1/ftp/data_collections/geuvadis/README_geuvadis_datareuse_statement.md
ftp://ftp.sra.ebi.ac.uk/vol1/fastq/ERR188/ERR188170/ERR188170_1.fastq.gz	df422bd08f1c28147ba39522b7f6ddfb	Geuvadis	sequence	mRNA	NA19131	Yoruba in Ibadan, Nigeria	http://ftp.1000genomes.ebi.ac.uk/vol1/ftp/data_collections/geuvadis/README_geuvadis_datareuse_statement.md
ftp://ftp.sra.ebi.ac.uk/vol1/fastq/ERR188/ERR188184/ERR188184_1.fastq.gz	c8718ba675807330f36d6901d416b539	Geuvadis	sequence	mRNA	NA19147	Yoruba in Ibadan, Nigeria	http://ftp.1000genomes.ebi.ac.uk/vol1/ftp/data_collections/geuvadis/README_geuvadis_datareuse_statement.md
ftp://ftp.sra.ebi.ac.uk/vol1/fastq/ERR188/ERR188409/ERR188409_2.fastq.gz	b96f1592d5d9465b591258795b1d3ae9	Geuvadis	sequence	mRNA	NA18923	Yoruba in Ibadan, Nigeria	http://ftp.1000genomes.ebi.ac.uk/vol1/ftp/data_collections/geuvadis/README_geuvadis_datareuse_statement.md
ftp://ftp.sra.ebi.ac.uk/vol1/fastq/ERR188/ERR188306/ERR188306_1.fastq.gz	d0eecf625fd998d7921115d4dc651330	Geuvadis	sequence	mRNA	NA19138	Yoruba in Ibadan, Nigeria	http://ftp.1000genomes.ebi.ac.uk/vol1/ftp/data_collections/geuvadis/README_geuvadis_datareuse_statement.md
ftp://ftp.sra.ebi.ac.uk/vol1/fastq/ERR188/ERR188139/ERR188139_2.fastq.gz	5ff63e60a483632cef582ad16d0de2f0	Geuvadis	sequence	mRNA	NA18917	Yoruba in Ibadan, Nigeria	http://ftp.1000genomes.ebi.ac.uk/vol1/ftp/data_collections/geuvadis/README_geuvadis_datareuse_statement.md
ftp://ftp.sra.ebi.ac.uk/vol1/fastq/ERR188/ERR188042/ERR188042_1.fastq.gz	bb58f56432dfaaefa6b474c89070d704	Geuvadis	sequence	mRNA	NA19204	Yoruba in Ibadan, Nigeria	http://ftp.1000genomes.ebi.ac.uk/vol1/ftp/data_collections/geuvadis/README_geuvadis_datareuse_statement.md
ftp://ftp.sra.ebi.ac.uk/vol1/fastq/ERR188/ERR188313/ERR188313_1.fastq.gz	cf6f2688e2a1942605fbfceb265b9999	Geuvadis	sequence	mRNA	NA18873	Yoruba in Ibadan, Nigeria	http://ftp.1000genomes.ebi.ac.uk/vol1/ftp/data_collections/geuvadis/README_geuvadis_datareuse_statement.md
ftp://ftp.sra.ebi.ac.uk/vol1/fastq/ERR188/ERR188044/ERR188044_1.fastq.gz	75d29217a2477c91bde22d6e71c61df0	Geuvadis	sequence	mRNA	NA18498	Yoruba in Ibadan, Nigeria	http://ftp.1000genomes.ebi.ac.uk/vol1/ftp/data_collections/geuvadis/README_geuvadis_datareuse_statement.md
ftp://ftp.sra.ebi.ac.uk/vol1/fastq/ERR188/ERR188162/ERR188162_1.fastq.gz	145f3f318ae0e9c13a2fd7975f064283	Geuvadis	sequence	mRNA	NA18508	Yoruba in Ibadan, Nigeria	http://ftp.1000genomes.ebi.ac.uk/vol1/ftp/data_collections/geuvadis/README_geuvadis_datareuse_statement.md
ftp://ftp.sra.ebi.ac.uk/vol1/fastq/ERR188/ERR188214/ERR188214_2.fastq.gz	9bc1148ac0154b4cb9b910489362f0bf	Geuvadis	sequence	mRNA	NA18486	Yoruba in Ibadan, Nigeria	http://ftp.1000genomes.ebi.ac.uk/vol1/ftp/data_collections/geuvadis/README_geuvadis_datareuse_statement.md
ftp://ftp.sra.ebi.ac.uk/vol1/fastq/ERR188/ERR188392/ERR188392_2.fastq.gz	e4300cdce08f80494c0b5fda953f1a64	Geuvadis	sequence	mRNA	NA19210	Yoruba in Ibadan, Nigeria	http://ftp.1000genomes.ebi.ac.uk/vol1/ftp/data_collections/geuvadis/README_geuvadis_datareuse_statement.md
ftp://ftp.sra.ebi.ac.uk/vol1/fastq/ERR188/ERR188476/ERR188476_1.fastq.gz	80fe7d207e98480c777f860131eaf214	Geuvadis	sequence	mRNA	NA19093	Yoruba in Ibadan, Nigeria	http://ftp.1000genomes.ebi.ac.uk/vol1/ftp/data_collections/geuvadis/README_geuvadis_datareuse_statement.md
ftp://ftp.sra.ebi.ac.uk/vol1/fastq/ERR188/ERR188463/ERR188463_2.fastq.gz	fbd4346ba8945654874192ffc17d7375	Geuvadis	sequence	mRNA	NA19247	Yoruba in Ibadan, Nigeria	http://ftp.1000genomes.ebi.ac.uk/vol1/ftp/data_collections/geuvadis/README_geuvadis_datareuse_statement.md
ftp://ftp.sra.ebi.ac.uk/vol1/fastq/ERR188/ERR188128/ERR188128_1.fastq.gz	0b7bcf16ea6d2d00c79ed13dc921401f	Geuvadis	sequence	mRNA	NA19092	Yoruba in Ibadan, Nigeria	http://ftp.1000genomes.ebi.ac.uk/vol1/ftp/data_collections/geuvadis/README_geuvadis_datareuse_statement.md
ftp://ftp.sra.ebi.ac.uk/vol1/fastq/ERR188/ERR188269/ERR188269_1.fastq.gz	bb93c64dc0aa372aac39c58d796c3290	Geuvadis	sequence	mRNA	NA18916	Yoruba in Ibadan, Nigeria	http://ftp.1000genomes.ebi.ac.uk/vol1/ftp/data_collections/geuvadis/README_geuvadis_datareuse_statement.md
ftp://ftp.sra.ebi.ac.uk/vol1/fastq/ERR188/ERR188234/ERR188234_1.fastq.gz	985882e1f9435668914bebd4669f47a1	Geuvadis	sequence	mRNA	NA19116	Yoruba in Ibadan, Nigeria	http://ftp.1000genomes.ebi.ac.uk/vol1/ftp/data_collections/geuvadis/README_geuvadis_datareuse_statement.md
ftp://ftp.sra.ebi.ac.uk/vol1/fastq/ERR188/ERR188151/ERR188151_2.fastq.gz	248bbd62fcded8a2c9c648203a3bcae2	Geuvadis	sequence	mRNA	NA18489	Yoruba in Ibadan, Nigeria	http://ftp.1000genomes.ebi.ac.uk/vol1/ftp/data_collections/geuvadis/README_geuvadis_datareuse_statement.md
ftp://ftp.sra.ebi.ac.uk/vol1/fastq/ERR188/ERR188243/ERR188243_2.fastq.gz	670be06b7fd98d42fc8c083c3a014c73	Geuvadis	sequence	mRNA	NA19098	Yoruba in Ibadan, Nigeria	http://ftp.1000genomes.ebi.ac.uk/vol1/ftp/data_collections/geuvadis/README_geuvadis_datareuse_statement.md
ftp://ftp.sra.ebi.ac.uk/vol1/fastq/ERR188/ERR188364/ERR188364_2.fastq.gz	e75beb38933b6f2fed3f229f0e4d2dc1	Geuvadis	sequence	mRNA	NA19248	Yoruba in Ibadan, Nigeria	http://ftp.1000genomes.ebi.ac.uk/vol1/ftp/data_collections/geuvadis/README_geuvadis_datareuse_statement.md
ftp://ftp.sra.ebi.ac.uk/vol1/fastq/ERR204/ERR204913/ERR204913_2.fastq.gz	95127e801c533f506542bffc87458514	Geuvadis	sequence	mRNA	NA19143	Yoruba in Ibadan, Nigeria	http://ftp.1000genomes.ebi.ac.uk/vol1/ftp/data_collections/geuvadis/README_geuvadis_datareuse_statement.md
ftp://ftp.sra.ebi.ac.uk/vol1/fastq/ERR204/ERR204940/ERR204940_2.fastq.gz	9ee3af0668069f00fafa7f8abf7dbcec	Geuvadis	sequence	mRNA	NA18861	Yoruba in Ibadan, Nigeria	http://ftp.1000genomes.ebi.ac.uk/vol1/ftp/data_collections/geuvadis/README_geuvadis_datareuse_statement.md
ftp://ftp.sra.ebi.ac.uk/vol1/fastq/ERR204/ERR204837/ERR204837_1.fastq.gz	c776a658bd2971cf490c0dac253b2a96	Geuvadis	sequence	mRNA	NA19138	Yoruba in Ibadan, Nigeria	http://ftp.1000genomes.ebi.ac.uk/vol1/ftp/data_collections/geuvadis/README_geuvadis_datareuse_statement.md
ftp://ftp.sra.ebi.ac.uk/vol1/fastq/ERR204/ERR204959/ERR204959_2.fastq.gz	eb4a6404c9d4d4055f8c4c8ebe65e104	Geuvadis	sequence	mRNA	NA19206	Yoruba in Ibadan, Nigeria	http://ftp.1000genomes.ebi.ac.uk/vol1/ftp/data_collections/geuvadis/README_geuvadis_datareuse_statement.md
ftp://ftp.sra.ebi.ac.uk/vol1/fastq/ERR204/ERR204861/ERR204861_1.fastq.gz	05f10e83fbc38d84101889c31b5d767a	Geuvadis	sequence	mRNA	NA19095	Yoruba in Ibadan, Nigeria	http://ftp.1000genomes.ebi.ac.uk/vol1/ftp/data_collections/geuvadis/README_geuvadis_datareuse_statement.md
ftp://ftp.sra.ebi.ac.uk/vol1/fastq/ERR204/ERR204922/ERR204922_2.fastq.gz	4cc94d0b1e86c3a8385785f60ac48cab	Geuvadis	sequence	mRNA	NA19131	Yoruba in Ibadan, Nigeria	http://ftp.1000genomes.ebi.ac.uk/vol1/ftp/data_collections/geuvadis/README_geuvadis_datareuse_statement.md
ftp://ftp.sra.ebi.ac.uk/vol1/fastq/ERR204/ERR204868/ERR204868_2.fastq.gz	ee81db48a03faa1be780eb76a77a443f	Geuvadis	sequence	mRNA	NA19095	Yoruba in Ibadan, Nigeria	http://ftp.1000genomes.ebi.ac.uk/vol1/ftp/data_collections/geuvadis/README_geuvadis_datareuse_statement.md
ftp://ftp.sra.ebi.ac.uk/vol1/fastq/ERR204/ERR204989/ERR204989_1.fastq.gz	99efad25aa9191f46e61e35a63b47697	Geuvadis	sequence	mRNA	NA19150	Yoruba in Ibadan, Nigeria	http://ftp.1000genomes.ebi.ac.uk/vol1/ftp/data_collections/geuvadis/README_geuvadis_datareuse_statement.md
ftp://ftp.sra.ebi.ac.uk/vol1/fastq/ERR204/ERR204889/ERR204889_1.fastq.gz	34c682873a4e25c393dbe43f5aa346fa	Geuvadis	sequence	mRNA	NA18923	Yoruba in Ibadan, Nigeria	http://ftp.1000genomes.ebi.ac.uk/vol1/ftp/data_collections/geuvadis/README_geuvadis_datareuse_statement.md
ftp://ftp.sra.ebi.ac.uk/vol1/fastq/ERR204/ERR204994/ERR204994_1.fastq.gz	38516b7a17efeb3d9f713072b2c558c6	Geuvadis	sequence	mRNA	NA19119	Yoruba in Ibadan, Nigeria	http://ftp.1000genomes.ebi.ac.uk/vol1/ftp/data_collections/geuvadis/README_geuvadis_datareuse_statement.md
ftp://ftp.sra.ebi.ac.uk/vol1/fastq/ERR204/ERR204913/ERR204913_1.fastq.gz	4e6de0633aba87e82c7c377745f626c3	Geuvadis	sequence	mRNA	NA19143	Yoruba in Ibadan, Nigeria	http://ftp.1000genomes.ebi.ac.uk/vol1/ftp/data_collections/geuvadis/README_geuvadis_datareuse_statement.md
ftp://ftp.sra.ebi.ac.uk/vol1/fastq/ERR205/ERR205019/ERR205019_2.fastq.gz	1f5316e4eda2496ed43dcd957ccc47de	Geuvadis	sequence	mRNA	NA18502	Yoruba in Ibadan, Nigeria	http://ftp.1000genomes.ebi.ac.uk/vol1/ftp/data_collections/geuvadis/README_geuvadis_datareuse_statement.md
ftp://ftp.sra.ebi.ac.uk/vol1/fastq/ERR204/ERR204959/ERR204959_1.fastq.gz	5970abf775db7bd3395b84b229a732c4	Geuvadis	sequence	mRNA	NA19206	Yoruba in Ibadan, Nigeria	http://ftp.1000genomes.ebi.ac.uk/vol1/ftp/data_collections/geuvadis/README_geuvadis_datareuse_statement.md
ftp://ftp.sra.ebi.ac.uk/vol1/fastq/ERR204/ERR204981/ERR204981_1.fastq.gz	c94994ed7a339748ec8c1071df69d061	Geuvadis	sequence	mRNA	NA19160	Yoruba in Ibadan, Nigeria	http://ftp.1000genomes.ebi.ac.uk/vol1/ftp/data_collections/geuvadis/README_geuvadis_datareuse_statement.md
ftp://ftp.sra.ebi.ac.uk/vol1/fastq/ERR204/ERR204904/ERR204904_1.fastq.gz	120f53822e42b87903cd29df0af0165a	Geuvadis	sequence	mRNA	NA19189	Yoruba in Ibadan, Nigeria	http://ftp.1000genomes.ebi.ac.uk/vol1/ftp/data_collections/geuvadis/README_geuvadis_datareuse_statement.md
ftp://ftp.sra.ebi.ac.uk/vol1/fastq/ERR204/ERR204851/ERR204851_1.fastq.gz	271339f7472f5db050b51a5ac554acb2	Geuvadis	sequence	mRNA	NA18912	Yoruba in Ibadan, Nigeria	http://ftp.1000genomes.ebi.ac.uk/vol1/ftp/data_collections/geuvadis/README_geuvadis_datareuse_statement.md
ftp://ftp.sra.ebi.ac.uk/vol1/fastq/ERR204/ERR204989/ERR204989_2.fastq.gz	9685d5e83e36de085464c4495f01d37a	Geuvadis	sequence	mRNA	NA19150	Yoruba in Ibadan, Nigeria	http://ftp.1000genomes.ebi.ac.uk/vol1/ftp/data_collections/geuvadis/README_geuvadis_datareuse_statement.md
ftp://ftp.sra.ebi.ac.uk/vol1/fastq/ERR205/ERR205020/ERR205020_1.fastq.gz	c6dc142e82512954bb8cd5eb286167eb	Geuvadis	sequence	mRNA	NA19198	Yoruba in Ibadan, Nigeria	http://ftp.1000genomes.ebi.ac.uk/vol1/ftp/data_collections/geuvadis/README_geuvadis_datareuse_statement.md
ftp://ftp.sra.ebi.ac.uk/vol1/fastq/ERR205/ERR205020/ERR205020_2.fastq.gz	852523d26666b1a03d52d425916d2f64	Geuvadis	sequence	mRNA	NA19198	Yoruba in Ibadan, Nigeria	http://ftp.1000genomes.ebi.ac.uk/vol1/ftp/data_collections/geuvadis/README_geuvadis_datareuse_statement.md
ftp://ftp.sra.ebi.ac.uk/vol1/fastq/ERR204/ERR204985/ERR204985_2.fastq.gz	a5116d3725e9ad6f2d798c6cf1a36a0f	Geuvadis	sequence	mRNA	NA19144	Yoruba in Ibadan, Nigeria	http://ftp.1000genomes.ebi.ac.uk/vol1/ftp/data_collections/geuvadis/README_geuvadis_datareuse_statement.md
ftp://ftp.sra.ebi.ac.uk/vol1/fastq/ERR204/ERR204930/ERR204930_1.fastq.gz	7e3349d60583ac569ad2fa9e703079da	Geuvadis	sequence	mRNA	NA19095	Yoruba in Ibadan, Nigeria	http://ftp.1000genomes.ebi.ac.uk/vol1/ftp/data_collections/geuvadis/README_geuvadis_datareuse_statement.md
ftp://ftp.sra.ebi.ac.uk/vol1/fastq/ERR204/ERR204961/ERR204961_2.fastq.gz	5dd0b714588ad60cec79dc050f998117	Geuvadis	sequence	mRNA	NA18488	Yoruba in Ibadan, Nigeria	http://ftp.1000genomes.ebi.ac.uk/vol1/ftp/data_collections/geuvadis/README_geuvadis_datareuse_statement.md
ftp://ftp.sra.ebi.ac.uk/vol1/fastq/ERR204/ERR204948/ERR204948_1.fastq.gz	d293f3a1c37b707be14d4611aba99672	Geuvadis	sequence	mRNA	NA19172	Yoruba in Ibadan, Nigeria	http://ftp.1000genomes.ebi.ac.uk/vol1/ftp/data_collections/geuvadis/README_geuvadis_datareuse_statement.md
ftp://ftp.sra.ebi.ac.uk/vol1/fastq/ERR204/ERR204996/ERR204996_1.fastq.gz	dd6d29ac417f2aacbe81bb88652bc475	Geuvadis	sequence	mRNA	NA18511	Yoruba in Ibadan, Nigeria	http://ftp.1000genomes.ebi.ac.uk/vol1/ftp/data_collections/geuvadis/README_geuvadis_datareuse_statement.md
ftp://ftp.sra.ebi.ac.uk/vol1/fastq/ERR204/ERR204948/ERR204948_2.fastq.gz	2178bf8441292cfede4ec0138886bbc6	Geuvadis	sequence	mRNA	NA19172	Yoruba in Ibadan, Nigeria	http://ftp.1000genomes.ebi.ac.uk/vol1/ftp/data_collections/geuvadis/README_geuvadis_datareuse_statement.md
ftp://ftp.sra.ebi.ac.uk/vol1/fastq/ERR204/ERR204829/ERR204829_1.fastq.gz	a94aa6b680886d8158b18f57646bce40	Geuvadis	sequence	mRNA	NA19207	Yoruba in Ibadan, Nigeria	http://ftp.1000genomes.ebi.ac.uk/vol1/ftp/data_collections/geuvadis/README_geuvadis_datareuse_statement.md
ftp://ftp.sra.ebi.ac.uk/vol1/fastq/ERR204/ERR204916/ERR204916_2.fastq.gz	46e2b63a2a5a2ee6e0eb6353723c74ff	Geuvadis	sequence	mRNA	NA19225	Yoruba in Ibadan, Nigeria	http://ftp.1000genomes.ebi.ac.uk/vol1/ftp/data_collections/geuvadis/README_geuvadis_datareuse_statement.md
ftp://ftp.sra.ebi.ac.uk/vol1/fastq/ERR204/ERR204829/ERR204829_2.fastq.gz	369a453ce0f4dac639e731c1e417005c	Geuvadis	sequence	mRNA	NA19207	Yoruba in Ibadan, Nigeria	http://ftp.1000genomes.ebi.ac.uk/vol1/ftp/data_collections/geuvadis/README_geuvadis_datareuse_statement.md
ftp://ftp.sra.ebi.ac.uk/vol1/fastq/ERR204/ERR204916/ERR204916_1.fastq.gz	ef21667e5eb4c8e73f1b20fea44ae09c	Geuvadis	sequence	mRNA	NA19225	Yoruba in Ibadan, Nigeria	http://ftp.1000genomes.ebi.ac.uk/vol1/ftp/data_collections/geuvadis/README_geuvadis_datareuse_statement.md
ftp://ftp.sra.ebi.ac.uk/vol1/fastq/ERR204/ERR204866/ERR204866_2.fastq.gz	2587b75e79d9e6724e055a941559f0b1	Geuvadis	sequence	mRNA	NA19197	Yoruba in Ibadan, Nigeria	http://ftp.1000genomes.ebi.ac.uk/vol1/ftp/data_collections/geuvadis/README_geuvadis_datareuse_statement.md
ftp://ftp.sra.ebi.ac.uk/vol1/fastq/ERR204/ERR204925/ERR204925_1.fastq.gz	0b6f77c7fdf0c82f871000fbe7d38ba9	Geuvadis	sequence	mRNA	NA18498	Yoruba in Ibadan, Nigeria	http://ftp.1000genomes.ebi.ac.uk/vol1/ftp/data_collections/geuvadis/README_geuvadis_datareuse_statement.md
ftp://ftp.sra.ebi.ac.uk/vol1/fastq/ERR204/ERR204866/ERR204866_1.fastq.gz	a472f78777af91a15c4a6e8fef983779	Geuvadis	sequence	mRNA	NA19197	Yoruba in Ibadan, Nigeria	http://ftp.1000genomes.ebi.ac.uk/vol1/ftp/data_collections/geuvadis/README_geuvadis_datareuse_statement.md
ftp://ftp.sra.ebi.ac.uk/vol1/fastq/ERR204/ERR204988/ERR204988_1.fastq.gz	a328d135ae3564ca304f834dd6ed7d56	Geuvadis	sequence	mRNA	NA19175	Yoruba in Ibadan, Nigeria	http://ftp.1000genomes.ebi.ac.uk/vol1/ftp/data_collections/geuvadis/README_geuvadis_datareuse_statement.md
ftp://ftp.sra.ebi.ac.uk/vol1/fastq/ERR205/ERR205007/ERR205007_1.fastq.gz	967c4ec84afd195916a2e83ec9df9629	Geuvadis	sequence	mRNA	NA19146	Yoruba in Ibadan, Nigeria	http://ftp.1000genomes.ebi.ac.uk/vol1/ftp/data_collections/geuvadis/README_geuvadis_datareuse_statement.md
ftp://ftp.sra.ebi.ac.uk/vol1/fastq/ERR204/ERR204933/ERR204933_1.fastq.gz	19772179d5934e84125bd4740b6d52f1	Geuvadis	sequence	mRNA	NA19256	Yoruba in Ibadan, Nigeria	http://ftp.1000genomes.ebi.ac.uk/vol1/ftp/data_collections/geuvadis/README_geuvadis_datareuse_statement.md
ftp://ftp.sra.ebi.ac.uk/vol1/fastq/ERR204/ERR204988/ERR204988_2.fastq.gz	f30b285904f11b9feaf15308d4635157	Geuvadis	sequence	mRNA	NA19175	Yoruba in Ibadan, Nigeria	http://ftp.1000genomes.ebi.ac.uk/vol1/ftp/data_collections/geuvadis/README_geuvadis_datareuse_statement.md
ftp://ftp.sra.ebi.ac.uk/vol1/fastq/ERR204/ERR204969/ERR204969_2.fastq.gz	a50faf4a23889f30f1917a00a759906a	Geuvadis	sequence	mRNA	NA19096	Yoruba in Ibadan, Nigeria	http://ftp.1000genomes.ebi.ac.uk/vol1/ftp/data_collections/geuvadis/README_geuvadis_datareuse_statement.md
ftp://ftp.sra.ebi.ac.uk/vol1/fastq/ERR204/ERR204891/ERR204891_1.fastq.gz	893c58985eb4573f0c04865364851403	Geuvadis	sequence	mRNA	NA19095	Yoruba in Ibadan, Nigeria	http://ftp.1000genomes.ebi.ac.uk/vol1/ftp/data_collections/geuvadis/README_geuvadis_datareuse_statement.md
ftp://ftp.sra.ebi.ac.uk/vol1/fastq/ERR204/ERR204891/ERR204891_2.fastq.gz	71914b5466ecea35735e0cea09cb9a03	Geuvadis	sequence	mRNA	NA19095	Yoruba in Ibadan, Nigeria	http://ftp.1000genomes.ebi.ac.uk/vol1/ftp/data_collections/geuvadis/README_geuvadis_datareuse_statement.md
ftp://ftp.sra.ebi.ac.uk/vol1/fastq/ERR204/ERR204892/ERR204892_1.fastq.gz	b6ac7a7c8b624f4cbaf9fae98f70ffaa	Geuvadis	sequence	mRNA	NA19121	Yoruba in Ibadan, Nigeria	http://ftp.1000genomes.ebi.ac.uk/vol1/ftp/data_collections/geuvadis/README_geuvadis_datareuse_statement.md
ftp://ftp.sra.ebi.ac.uk/vol1/fastq/ERR204/ERR204912/ERR204912_2.fastq.gz	76d622f26060341b2d28594c1b33bb69	Geuvadis	sequence	mRNA	NA19099	Yoruba in Ibadan, Nigeria	http://ftp.1000genomes.ebi.ac.uk/vol1/ftp/data_collections/geuvadis/README_geuvadis_datareuse_statement.md
ftp://ftp.sra.ebi.ac.uk/vol1/fastq/ERR204/ERR204912/ERR204912_1.fastq.gz	a473fd556b58976cad973dac0d6a272a	Geuvadis	sequence	mRNA	NA19099	Yoruba in Ibadan, Nigeria	http://ftp.1000genomes.ebi.ac.uk/vol1/ftp/data_collections/geuvadis/README_geuvadis_datareuse_statement.md
ftp://ftp.sra.ebi.ac.uk/vol1/fastq/ERR204/ERR204952/ERR204952_2.fastq.gz	f17bc6bf3123fdbea7f6fa38e06bf0c2	Geuvadis	sequence	mRNA	NA18505	Yoruba in Ibadan, Nigeria	http://ftp.1000genomes.ebi.ac.uk/vol1/ftp/data_collections/geuvadis/README_geuvadis_datareuse_statement.md
ftp://ftp.sra.ebi.ac.uk/vol1/fastq/ERR204/ERR204997/ERR204997_1.fastq.gz	3447f98a255378e390bc6896ec6ff99d	Geuvadis	sequence	mRNA	NA19190	Yoruba in Ibadan, Nigeria	http://ftp.1000genomes.ebi.ac.uk/vol1/ftp/data_collections/geuvadis/README_geuvadis_datareuse_statement.md
ftp://ftp.sra.ebi.ac.uk/vol1/fastq/ERR204/ERR204952/ERR204952_1.fastq.gz	f72b53b037a8de64bb7c6f66c152a797	Geuvadis	sequence	mRNA	NA18505	Yoruba in Ibadan, Nigeria	http://ftp.1000genomes.ebi.ac.uk/vol1/ftp/data_collections/geuvadis/README_geuvadis_datareuse_statement.md
ftp://ftp.sra.ebi.ac.uk/vol1/fastq/ERR204/ERR204991/ERR204991_2.fastq.gz	7bb46cd100d10fae041d964e4f53284b	Geuvadis	sequence	mRNA	NA18487	Yoruba in Ibadan, Nigeria	http://ftp.1000genomes.ebi.ac.uk/vol1/ftp/data_collections/geuvadis/README_geuvadis_datareuse_statement.md
ftp://ftp.sra.ebi.ac.uk/vol1/fastq/ERR205/ERR205000/ERR205000_1.fastq.gz	cae6da478f283da7613695cd7ce7bc8a	Geuvadis	sequence	mRNA	NA19114	Yoruba in Ibadan, Nigeria	http://ftp.1000genomes.ebi.ac.uk/vol1/ftp/data_collections/geuvadis/README_geuvadis_datareuse_statement.md
ftp://ftp.sra.ebi.ac.uk/vol1/fastq/ERR205/ERR205018/ERR205018_2.fastq.gz	dbc2cf38a6177e5202ef61e21d003baf	Geuvadis	sequence	mRNA	NA19113	Yoruba in Ibadan, Nigeria	http://ftp.1000genomes.ebi.ac.uk/vol1/ftp/data_collections/geuvadis/README_geuvadis_datareuse_statement.md
ftp://ftp.sra.ebi.ac.uk/vol1/fastq/ERR204/ERR204980/ERR204980_1.fastq.gz	0b318b01995964ad6a31d63194a531ea	Geuvadis	sequence	mRNA	NA19116	Yoruba in Ibadan, Nigeria	http://ftp.1000genomes.ebi.ac.uk/vol1/ftp/data_collections/geuvadis/README_geuvadis_datareuse_statement.md
ftp://ftp.sra.ebi.ac.uk/vol1/fastq/ERR205/ERR205021/ERR205021_1.fastq.gz	1fb8dc8c1295e149947d1545f5a786c2	Geuvadis	sequence	mRNA	NA19210	Yoruba in Ibadan, Nigeria	http://ftp.1000genomes.ebi.ac.uk/vol1/ftp/data_collections/geuvadis/README_geuvadis_datareuse_statement.md
ftp://ftp.sra.ebi.ac.uk/vol1/fastq/ERR204/ERR204896/ERR204896_1.fastq.gz	54e0a9c959bc32a67006c9116b3fc6cb	Geuvadis	sequence	mRNA	NA18909	Yoruba in Ibadan, Nigeria	http://ftp.1000genomes.ebi.ac.uk/vol1/ftp/data_collections/geuvadis/README_geuvadis_datareuse_statement.md
ftp://ftp.sra.ebi.ac.uk/vol1/fastq/ERR204/ERR204842/ERR204842_2.fastq.gz	26afd96bcc0c115b91e23fe2ab1da7e9	Geuvadis	sequence	mRNA	NA18873	Yoruba in Ibadan, Nigeria	http://ftp.1000genomes.ebi.ac.uk/vol1/ftp/data_collections/geuvadis/README_geuvadis_datareuse_statement.md
ftp://ftp.sra.ebi.ac.uk/vol1/fastq/ERR205/ERR205021/ERR205021_2.fastq.gz	967334e179f74b569bcabd90c234bc30	Geuvadis	sequence	mRNA	NA19210	Yoruba in Ibadan, Nigeria	http://ftp.1000genomes.ebi.ac.uk/vol1/ftp/data_collections/geuvadis/README_geuvadis_datareuse_statement.md
ftp://ftp.sra.ebi.ac.uk/vol1/fastq/ERR204/ERR204878/ERR204878_1.fastq.gz	fc8b6dd483db0d5366ceff34b326cb7e	Geuvadis	sequence	mRNA	NA19108	Yoruba in Ibadan, Nigeria	http://ftp.1000genomes.ebi.ac.uk/vol1/ftp/data_collections/geuvadis/README_geuvadis_datareuse_statement.md
ftp://ftp.sra.ebi.ac.uk/vol1/fastq/ERR204/ERR204880/ERR204880_2.fastq.gz	6395dd8a33bc0a4ba02d99f19807e3c2	Geuvadis	sequence	mRNA	NA19247	Yoruba in Ibadan, Nigeria	http://ftp.1000genomes.ebi.ac.uk/vol1/ftp/data_collections/geuvadis/README_geuvadis_datareuse_statement.md
ftp://ftp.sra.ebi.ac.uk/vol1/fastq/ERR204/ERR204825/ERR204825_1.fastq.gz	d44f303c80e76ed5af672621669cf727	Geuvadis	sequence	mRNA	NA19093	Yoruba in Ibadan, Nigeria	http://ftp.1000genomes.ebi.ac.uk/vol1/ftp/data_collections/geuvadis/README_geuvadis_datareuse_statement.md
ftp://ftp.sra.ebi.ac.uk/vol1/fastq/ERR204/ERR204825/ERR204825_2.fastq.gz	af321cee745909149f27a9943ac6c32e	Geuvadis	sequence	mRNA	NA19093	Yoruba in Ibadan, Nigeria	http://ftp.1000genomes.ebi.ac.uk/vol1/ftp/data_collections/geuvadis/README_geuvadis_datareuse_statement.md
ftp://ftp.sra.ebi.ac.uk/vol1/fastq/ERR204/ERR204919/ERR204919_1.fastq.gz	4572cc6270d8b246e79ffbffe74ac084	Geuvadis	sequence	mRNA	NA18907	Yoruba in Ibadan, Nigeria	http://ftp.1000genomes.ebi.ac.uk/vol1/ftp/data_collections/geuvadis/README_geuvadis_datareuse_statement.md
ftp://ftp.sra.ebi.ac.uk/vol1/fastq/ERR204/ERR204923/ERR204923_1.fastq.gz	4379ccec081b36ee93a7117e325adb41	Geuvadis	sequence	mRNA	NA19214	Yoruba in Ibadan, Nigeria	http://ftp.1000genomes.ebi.ac.uk/vol1/ftp/data_collections/geuvadis/README_geuvadis_datareuse_statement.md
ftp://ftp.sra.ebi.ac.uk/vol1/fastq/ERR204/ERR204919/ERR204919_2.fastq.gz	0e6e6b97ceb4b7f2cc3820fa416b5583	Geuvadis	sequence	mRNA	NA18907	Yoruba in Ibadan, Nigeria	http://ftp.1000genomes.ebi.ac.uk/vol1/ftp/data_collections/geuvadis/README_geuvadis_datareuse_statement.md
ftp://ftp.sra.ebi.ac.uk/vol1/fastq/ERR188/ERR188188/ERR188188_1.fastq.gz	e68d98773ea9773ca4fc9357231fb533	Geuvadis	sequence	mRNA	NA19099	Yoruba in Ibadan, Nigeria	http://ftp.1000genomes.ebi.ac.uk/vol1/ftp/data_collections/geuvadis/README_geuvadis_datareuse_statement.md
ftp://ftp.sra.ebi.ac.uk/vol1/fastq/ERR188/ERR188434/ERR188434_1.fastq.gz	0c7803a7b2e219e276d04901d0686be1	Geuvadis	sequence	mRNA	NA19209	Yoruba in Ibadan, Nigeria	http://ftp.1000genomes.ebi.ac.uk/vol1/ftp/data_collections/geuvadis/README_geuvadis_datareuse_statement.md
ftp://ftp.sra.ebi.ac.uk/vol1/fastq/ERR188/ERR188207/ERR188207_1.fastq.gz	62559f0a96aee37fe4041996bf10586f	Geuvadis	sequence	mRNA	NA19222	Yoruba in Ibadan, Nigeria	http://ftp.1000genomes.ebi.ac.uk/vol1/ftp/data_collections/geuvadis/README_geuvadis_datareuse_statement.md
ftp://ftp.sra.ebi.ac.uk/vol1/fastq/ERR188/ERR188434/ERR188434_2.fastq.gz	beada597bda18c63f399dc4a621370a3	Geuvadis	sequence	mRNA	NA19209	Yoruba in Ibadan, Nigeria	http://ftp.1000genomes.ebi.ac.uk/vol1/ftp/data_collections/geuvadis/README_geuvadis_datareuse_statement.md
ftp://ftp.sra.ebi.ac.uk/vol1/fastq/ERR188/ERR188165/ERR188165_1.fastq.gz	713751be0ea762c10b1a4d502e54b4dc	Geuvadis	sequence	mRNA	NA18510	Yoruba in Ibadan, Nigeria	http://ftp.1000genomes.ebi.ac.uk/vol1/ftp/data_collections/geuvadis/README_geuvadis_datareuse_statement.md
ftp://ftp.sra.ebi.ac.uk/vol1/fastq/ERR188/ERR188460/ERR188460_1.fastq.gz	97499351767215d95803d866e20ec6a5	Geuvadis	sequence	mRNA	NA19153	Yoruba in Ibadan, Nigeria	http://ftp.1000genomes.ebi.ac.uk/vol1/ftp/data_collections/geuvadis/README_geuvadis_datareuse_statement.md
ftp://ftp.sra.ebi.ac.uk/vol1/fastq/ERR188/ERR188268/ERR188268_2.fastq.gz	b3376a614969b198e0a2d88f88900f2d	Geuvadis	sequence	mRNA	NA19095	Yoruba in Ibadan, Nigeria	http://ftp.1000genomes.ebi.ac.uk/vol1/ftp/data_collections/geuvadis/README_geuvadis_datareuse_statement.md
ftp://ftp.sra.ebi.ac.uk/vol1/fastq/ERR188/ERR188460/ERR188460_2.fastq.gz	73969bd85a5dc4ed4104dbe4ebf038e9	Geuvadis	sequence	mRNA	NA19153	Yoruba in Ibadan, Nigeria	http://ftp.1000genomes.ebi.ac.uk/vol1/ftp/data_collections/geuvadis/README_geuvadis_datareuse_statement.md
ftp://ftp.sra.ebi.ac.uk/vol1/fastq/ERR188/ERR188459/ERR188459_1.fastq.gz	a6dde5c7f02d19ed04625463ee3e6ba9	Geuvadis	sequence	mRNA	NA19143	Yoruba in Ibadan, Nigeria	http://ftp.1000genomes.ebi.ac.uk/vol1/ftp/data_collections/geuvadis/README_geuvadis_datareuse_statement.md
ftp://ftp.sra.ebi.ac.uk/vol1/fastq/ERR188/ERR188221/ERR188221_1.fastq.gz	74c13efc8af5977f2c0585af24c1e106	Geuvadis	sequence	mRNA	NA19113	Yoruba in Ibadan, Nigeria	http://ftp.1000genomes.ebi.ac.uk/vol1/ftp/data_collections/geuvadis/README_geuvadis_datareuse_statement.md
ftp://ftp.sra.ebi.ac.uk/vol1/fastq/ERR188/ERR188120/ERR188120_2.fastq.gz	c0c20472da737e9fa94df7de4de2380c	Geuvadis	sequence	mRNA	NA19256	Yoruba in Ibadan, Nigeria	http://ftp.1000genomes.ebi.ac.uk/vol1/ftp/data_collections/geuvadis/README_geuvadis_datareuse_statement.md
ftp://ftp.sra.ebi.ac.uk/vol1/fastq/ERR188/ERR188120/ERR188120_1.fastq.gz	61890a68bdaaec99c3f864c12b839407	Geuvadis	sequence	mRNA	NA19256	Yoruba in Ibadan, Nigeria	http://ftp.1000genomes.ebi.ac.uk/vol1/ftp/data_collections/geuvadis/README_geuvadis_datareuse_statement.md
ftp://ftp.sra.ebi.ac.uk/vol1/fastq/ERR188/ERR188273/ERR188273_1.fastq.gz	e3a14afe97544c882ca52cb834f7485f	Geuvadis	sequence	mRNA	NA18505	Yoruba in Ibadan, Nigeria	http://ftp.1000genomes.ebi.ac.uk/vol1/ftp/data_collections/geuvadis/README_geuvadis_datareuse_statement.md
ftp://ftp.sra.ebi.ac.uk/vol1/fastq/ERR188/ERR188184/ERR188184_2.fastq.gz	ecdca34406257ccede42727fec55b947	Geuvadis	sequence	mRNA	NA19147	Yoruba in Ibadan, Nigeria	http://ftp.1000genomes.ebi.ac.uk/vol1/ftp/data_collections/geuvadis/README_geuvadis_datareuse_statement.md
ftp://ftp.sra.ebi.ac.uk/vol1/fastq/ERR188/ERR188409/ERR188409_1.fastq.gz	f07f299de263964511203f1a0a1f5432	Geuvadis	sequence	mRNA	NA18923	Yoruba in Ibadan, Nigeria	http://ftp.1000genomes.ebi.ac.uk/vol1/ftp/data_collections/geuvadis/README_geuvadis_datareuse_statement.md
ftp://ftp.sra.ebi.ac.uk/vol1/fastq/ERR188/ERR188074/ERR188074_1.fastq.gz	00ae79317a3046623b674f83f7f642fb	Geuvadis	sequence	mRNA	NA19257	Yoruba in Ibadan, Nigeria	http://ftp.1000genomes.ebi.ac.uk/vol1/ftp/data_collections/geuvadis/README_geuvadis_datareuse_statement.md
ftp://ftp.sra.ebi.ac.uk/vol1/fastq/ERR188/ERR188183/ERR188183_1.fastq.gz	18318a95696b6ec8a8d8ce92e36260c4	Geuvadis	sequence	mRNA	NA19185	Yoruba in Ibadan, Nigeria	http://ftp.1000genomes.ebi.ac.uk/vol1/ftp/data_collections/geuvadis/README_geuvadis_datareuse_statement.md
ftp://ftp.sra.ebi.ac.uk/vol1/fastq/ERR188/ERR188278/ERR188278_1.fastq.gz	c6d0bbaa42927ab27f34ae21783d48ea	Geuvadis	sequence	mRNA	NA18861	Yoruba in Ibadan, Nigeria	http://ftp.1000genomes.ebi.ac.uk/vol1/ftp/data_collections/geuvadis/README_geuvadis_datareuse_statement.md
ftp://ftp.sra.ebi.ac.uk/vol1/fastq/ERR188/ERR188471/ERR188471_2.fastq.gz	6ccc3efafca7cd595f905b82c297aa34	Geuvadis	sequence	mRNA	NA19130	Yoruba in Ibadan, Nigeria	http://ftp.1000genomes.ebi.ac.uk/vol1/ftp/data_collections/geuvadis/README_geuvadis_datareuse_statement.md
ftp://ftp.sra.ebi.ac.uk/vol1/fastq/ERR188/ERR188060/ERR188060_2.fastq.gz	b2f05240323cf965502c2d88f5bf1515	Geuvadis	sequence	mRNA	NA18517	Yoruba in Ibadan, Nigeria	http://ftp.1000genomes.ebi.ac.uk/vol1/ftp/data_collections/geuvadis/README_geuvadis_datareuse_statement.md
ftp://ftp.sra.ebi.ac.uk/vol1/fastq/ERR188/ERR188232/ERR188232_2.fastq.gz	da3d88a26203786e5bd9641ec543dad5	Geuvadis	sequence	mRNA	NA19160	Yoruba in Ibadan, Nigeria	http://ftp.1000genomes.ebi.ac.uk/vol1/ftp/data_collections/geuvadis/README_geuvadis_datareuse_statement.md
ftp://ftp.sra.ebi.ac.uk/vol1/fastq/ERR188/ERR188097/ERR188097_1.fastq.gz	c38d20682763b0a44d926350deb6386a	Geuvadis	sequence	mRNA	NA18511	Yoruba in Ibadan, Nigeria	http://ftp.1000genomes.ebi.ac.uk/vol1/ftp/data_collections/geuvadis/README_geuvadis_datareuse_statement.md
ftp://ftp.sra.ebi.ac.uk/vol1/fastq/ERR188/ERR188421/ERR188421_2.fastq.gz	cefa3a31cde586f83a51814d1aff970c	Geuvadis	sequence	mRNA	NA19225	Yoruba in Ibadan, Nigeria	http://ftp.1000genomes.ebi.ac.uk/vol1/ftp/data_collections/geuvadis/README_geuvadis_datareuse_statement.md
ftp://ftp.sra.ebi.ac.uk/vol1/fastq/ERR188/ERR188093/ERR188093_1.fastq.gz	77609e21d4d007e4352d98cfc26b5366	Geuvadis	sequence	mRNA	NA19150	Yoruba in Ibadan, Nigeria	http://ftp.1000genomes.ebi.ac.uk/vol1/ftp/data_collections/geuvadis/README_geuvadis_datareuse_statement.md
ftp://ftp.sra.ebi.ac.uk/vol1/fastq/ERR188/ERR188093/ERR188093_2.fastq.gz	8db88980797253628c6f47579af66bbb	Geuvadis	sequence	mRNA	NA19150	Yoruba in Ibadan, Nigeria	http://ftp.1000genomes.ebi.ac.uk/vol1/ftp/data_collections/geuvadis/README_geuvadis_datareuse_statement.md
ftp://ftp.sra.ebi.ac.uk/vol1/fastq/ERR188/ERR188447/ERR188447_1.fastq.gz	2c2fd0acd14a584c1ae018c2950ca6eb	Geuvadis	sequence	mRNA	NA18934	Yoruba in Ibadan, Nigeria	http://ftp.1000genomes.ebi.ac.uk/vol1/ftp/data_collections/geuvadis/README_geuvadis_datareuse_statement.md
ftp://ftp.sra.ebi.ac.uk/vol1/fastq/ERR188/ERR188363/ERR188363_1.fastq.gz	e19dec987f413e49a674a99790be93cb	Geuvadis	sequence	mRNA	NA19206	Yoruba in Ibadan, Nigeria	http://ftp.1000genomes.ebi.ac.uk/vol1/ftp/data_collections/geuvadis/README_geuvadis_datareuse_statement.md
ftp://ftp.sra.ebi.ac.uk/vol1/fastq/ERR188/ERR188064/ERR188064_1.fastq.gz	89599f8ebcb5274ffd6fd9d16841119b	Geuvadis	sequence	mRNA	NA19144	Yoruba in Ibadan, Nigeria	http://ftp.1000genomes.ebi.ac.uk/vol1/ftp/data_collections/geuvadis/README_geuvadis_datareuse_statement.md
ftp://ftp.sra.ebi.ac.uk/vol1/fastq/ERR188/ERR188131/ERR188131_2.fastq.gz	5d5733f1cb2d977bc673a6ef418a65f8	Geuvadis	sequence	mRNA	NA19213	Yoruba in Ibadan, Nigeria	http://ftp.1000genomes.ebi.ac.uk/vol1/ftp/data_collections/geuvadis/README_geuvadis_datareuse_statement.md
ftp://ftp.sra.ebi.ac.uk/vol1/fastq/ERR188/ERR188064/ERR188064_2.fastq.gz	c68dcdc7ebe2dd5f31f76d979c2dd519	Geuvadis	sequence	mRNA	NA19144	Yoruba in Ibadan, Nigeria	http://ftp.1000genomes.ebi.ac.uk/vol1/ftp/data_collections/geuvadis/README_geuvadis_datareuse_statement.md
ftp://ftp.sra.ebi.ac.uk/vol1/fastq/ERR188/ERR188104/ERR188104_2.fastq.gz	5ddee1e707a2547a147e194f54130ff2	Geuvadis	sequence	mRNA	NA19146	Yoruba in Ibadan, Nigeria	http://ftp.1000genomes.ebi.ac.uk/vol1/ftp/data_collections/geuvadis/README_geuvadis_datareuse_statement.md
ftp://ftp.sra.ebi.ac.uk/vol1/fastq/ERR188/ERR188275/ERR188275_1.fastq.gz	e1aa3f4238c1f2734c8ebc67c18baba4	Geuvadis	sequence	mRNA	NA19201	Yoruba in Ibadan, Nigeria	http://ftp.1000genomes.ebi.ac.uk/vol1/ftp/data_collections/geuvadis/README_geuvadis_datareuse_statement.md
ftp://ftp.sra.ebi.ac.uk/vol1/fastq/ERR188/ERR188104/ERR188104_1.fastq.gz	d214f36e9d832333522d30c327cdfe42	Geuvadis	sequence	mRNA	NA19146	Yoruba in Ibadan, Nigeria	http://ftp.1000genomes.ebi.ac.uk/vol1/ftp/data_collections/geuvadis/README_geuvadis_datareuse_statement.md
ftp://ftp.sra.ebi.ac.uk/vol1/fastq/ERR188/ERR188103/ERR188103_2.fastq.gz	f02fd69670dd92c744e4f24e1620cdee	Geuvadis	sequence	mRNA	NA19184	Yoruba in Ibadan, Nigeria	http://ftp.1000genomes.ebi.ac.uk/vol1/ftp/data_collections/geuvadis/README_geuvadis_datareuse_statement.md
ftp://ftp.sra.ebi.ac.uk/vol1/fastq/ERR188/ERR188109/ERR188109_2.fastq.gz	22802e9f535a83017bbd0155f91b567f	Geuvadis	sequence	mRNA	NA19121	Yoruba in Ibadan, Nigeria	http://ftp.1000genomes.ebi.ac.uk/vol1/ftp/data_collections/geuvadis/README_geuvadis_datareuse_statement.md
ftp://ftp.sra.ebi.ac.uk/vol1/fastq/ERR188/ERR188200/ERR188200_1.fastq.gz	7e6b71bf8577114264bd8b8d02c2fcf5	Geuvadis	sequence	mRNA	NA18519	Yoruba in Ibadan, Nigeria	http://ftp.1000genomes.ebi.ac.uk/vol1/ftp/data_collections/geuvadis/README_geuvadis_datareuse_statement.md
ftp://ftp.sra.ebi.ac.uk/vol1/fastq/ERR188/ERR188139/ERR188139_1.fastq.gz	17733cd8a8eb8b618e76c370ed6ddf68	Geuvadis	sequence	mRNA	NA18917	Yoruba in Ibadan, Nigeria	http://ftp.1000genomes.ebi.ac.uk/vol1/ftp/data_collections/geuvadis/README_geuvadis_datareuse_statement.md
ftp://ftp.sra.ebi.ac.uk/vol1/fastq/ERR188/ERR188283/ERR188283_2.fastq.gz	af126912b7c49738ec4da16f4b09e962	Geuvadis	sequence	mRNA	NA18907	Yoruba in Ibadan, Nigeria	http://ftp.1000genomes.ebi.ac.uk/vol1/ftp/data_collections/geuvadis/README_geuvadis_datareuse_statement.md
ftp://ftp.sra.ebi.ac.uk/vol1/fastq/ERR188/ERR188283/ERR188283_1.fastq.gz	74a24296eba8ec303bbee37dbe8389f4	Geuvadis	sequence	mRNA	NA18907	Yoruba in Ibadan, Nigeria	http://ftp.1000genomes.ebi.ac.uk/vol1/ftp/data_collections/geuvadis/README_geuvadis_datareuse_statement.md
ftp://ftp.sra.ebi.ac.uk/vol1/fastq/ERR188/ERR188375/ERR188375_1.fastq.gz	ae31a448bfc1327307db4bcd210b3577	Geuvadis	sequence	mRNA	NA18858	Yoruba in Ibadan, Nigeria	http://ftp.1000genomes.ebi.ac.uk/vol1/ftp/data_collections/geuvadis/README_geuvadis_datareuse_statement.md
ftp://ftp.sra.ebi.ac.uk/vol1/fastq/ERR188/ERR188072/ERR188072_2.fastq.gz	e6fa6acca5b296541e349fc87445df52	Geuvadis	sequence	mRNA	NA19137	Yoruba in Ibadan, Nigeria	http://ftp.1000genomes.ebi.ac.uk/vol1/ftp/data_collections/geuvadis/README_geuvadis_datareuse_statement.md
ftp://ftp.sra.ebi.ac.uk/vol1/fastq/ERR188/ERR188072/ERR188072_1.fastq.gz	6bda498c7f84e5976750dd19b79844ab	Geuvadis	sequence	mRNA	NA19137	Yoruba in Ibadan, Nigeria	http://ftp.1000genomes.ebi.ac.uk/vol1/ftp/data_collections/geuvadis/README_geuvadis_datareuse_statement.md
ftp://ftp.sra.ebi.ac.uk/vol1/fastq/ERR188/ERR188069/ERR188069_2.fastq.gz	1eaa08a41c33d498001bd69986ff3bdd	Geuvadis	sequence	mRNA	NA19096	Yoruba in Ibadan, Nigeria	http://ftp.1000genomes.ebi.ac.uk/vol1/ftp/data_collections/geuvadis/README_geuvadis_datareuse_statement.md
ftp://ftp.sra.ebi.ac.uk/vol1/fastq/ERR188/ERR188313/ERR188313_2.fastq.gz	8b56bc582c98cab190b8479d88fe4228	Geuvadis	sequence	mRNA	NA18873	Yoruba in Ibadan, Nigeria	http://ftp.1000genomes.ebi.ac.uk/vol1/ftp/data_collections/geuvadis/README_geuvadis_datareuse_statement.md
ftp://ftp.sra.ebi.ac.uk/vol1/fastq/ERR188/ERR188423/ERR188423_2.fastq.gz	9f3631d249e33330266c52e4b802c12a	Geuvadis	sequence	mRNA	NA19107	Yoruba in Ibadan, Nigeria	http://ftp.1000genomes.ebi.ac.uk/vol1/ftp/data_collections/geuvadis/README_geuvadis_datareuse_statement.md
ftp://ftp.sra.ebi.ac.uk/vol1/fastq/ERR188/ERR188069/ERR188069_1.fastq.gz	ab3e97cb6c014fa994db3a45fd5aa92c	Geuvadis	sequence	mRNA	NA19096	Yoruba in Ibadan, Nigeria	http://ftp.1000genomes.ebi.ac.uk/vol1/ftp/data_collections/geuvadis/README_geuvadis_datareuse_statement.md
ftp://ftp.sra.ebi.ac.uk/vol1/fastq/ERR188/ERR188423/ERR188423_1.fastq.gz	2da5379acee064439eaf1db36ede9e6a	Geuvadis	sequence	mRNA	NA19107	Yoruba in Ibadan, Nigeria	http://ftp.1000genomes.ebi.ac.uk/vol1/ftp/data_collections/geuvadis/README_geuvadis_datareuse_statement.md
ftp://ftp.sra.ebi.ac.uk/vol1/fastq/ERR188/ERR188373/ERR188373_1.fastq.gz	2409bb6d3efdfd92d37619c85b012a71	Geuvadis	sequence	mRNA	NA18870	Yoruba in Ibadan, Nigeria	http://ftp.1000genomes.ebi.ac.uk/vol1/ftp/data_collections/geuvadis/README_geuvadis_datareuse_statement.md
ftp://ftp.sra.ebi.ac.uk/vol1/fastq/ERR188/ERR188367/ERR188367_2.fastq.gz	6723b4c8bbc537929516aa976d293866	Geuvadis	sequence	mRNA	NA19102	Yoruba in Ibadan, Nigeria	http://ftp.1000genomes.ebi.ac.uk/vol1/ftp/data_collections/geuvadis/README_geuvadis_datareuse_statement.md
ftp://ftp.sra.ebi.ac.uk/vol1/fastq/ERR188/ERR188044/ERR188044_2.fastq.gz	3d2a3ace20342c37436b231d7bfee635	Geuvadis	sequence	mRNA	NA18498	Yoruba in Ibadan, Nigeria	http://ftp.1000genomes.ebi.ac.uk/vol1/ftp/data_collections/geuvadis/README_geuvadis_datareuse_statement.md
ftp://ftp.sra.ebi.ac.uk/vol1/fastq/ERR188/ERR188162/ERR188162_2.fastq.gz	5ce768e170188da650db0e98881296c4	Geuvadis	sequence	mRNA	NA18508	Yoruba in Ibadan, Nigeria	http://ftp.1000genomes.ebi.ac.uk/vol1/ftp/data_collections/geuvadis/README_geuvadis_datareuse_statement.md
ftp://ftp.sra.ebi.ac.uk/vol1/fastq/ERR188/ERR188322/ERR188322_2.fastq.gz	c8684361ec3dbbb2d82ce0c1f1d0d493	Geuvadis	sequence	mRNA	NA19190	Yoruba in Ibadan, Nigeria	http://ftp.1000genomes.ebi.ac.uk/vol1/ftp/data_collections/geuvadis/README_geuvadis_datareuse_statement.md
ftp://ftp.sra.ebi.ac.uk/vol1/fastq/ERR188/ERR188367/ERR188367_1.fastq.gz	e366461eb02b5f54ab6ef2b466372a37	Geuvadis	sequence	mRNA	NA19102	Yoruba in Ibadan, Nigeria	http://ftp.1000genomes.ebi.ac.uk/vol1/ftp/data_collections/geuvadis/README_geuvadis_datareuse_statement.md
ftp://ftp.sra.ebi.ac.uk/vol1/fastq/ERR188/ERR188214/ERR188214_1.fastq.gz	ff5ab8aa77fc91e394f3dd3121feb975	Geuvadis	sequence	mRNA	NA18486	Yoruba in Ibadan, Nigeria	http://ftp.1000genomes.ebi.ac.uk/vol1/ftp/data_collections/geuvadis/README_geuvadis_datareuse_statement.md
ftp://ftp.sra.ebi.ac.uk/vol1/fastq/ERR188/ERR188440/ERR188440_1.fastq.gz	6f9eb39f12216f2dc98cb46218e70165	Geuvadis	sequence	mRNA	NA19200	Yoruba in Ibadan, Nigeria	http://ftp.1000genomes.ebi.ac.uk/vol1/ftp/data_collections/geuvadis/README_geuvadis_datareuse_statement.md
ftp://ftp.sra.ebi.ac.uk/vol1/fastq/ERR188/ERR188476/ERR188476_2.fastq.gz	4ce9bceb9a6c2e70d8adb9431217fc98	Geuvadis	sequence	mRNA	NA19093	Yoruba in Ibadan, Nigeria	http://ftp.1000genomes.ebi.ac.uk/vol1/ftp/data_collections/geuvadis/README_geuvadis_datareuse_statement.md
ftp://ftp.sra.ebi.ac.uk/vol1/fastq/ERR188/ERR188442/ERR188442_2.fastq.gz	551af19dff42cac451ecb209f316f877	Geuvadis	sequence	mRNA	NA18910	Yoruba in Ibadan, Nigeria	http://ftp.1000genomes.ebi.ac.uk/vol1/ftp/data_collections/geuvadis/README_geuvadis_datareuse_statement.md
ftp://ftp.sra.ebi.ac.uk/vol1/fastq/ERR188/ERR188269/ERR188269_2.fastq.gz	79cd51f89676efa65ba12d0e41a269ff	Geuvadis	sequence	mRNA	NA18916	Yoruba in Ibadan, Nigeria	http://ftp.1000genomes.ebi.ac.uk/vol1/ftp/data_collections/geuvadis/README_geuvadis_datareuse_statement.md
ftp://ftp.sra.ebi.ac.uk/vol1/fastq/ERR188/ERR188066/ERR188066_2.fastq.gz	5722ecd6e0ddfd5261e06bb0036a9556	Geuvadis	sequence	mRNA	NA19118	Yoruba in Ibadan, Nigeria	http://ftp.1000genomes.ebi.ac.uk/vol1/ftp/data_collections/geuvadis/README_geuvadis_datareuse_statement.md
ftp://ftp.sra.ebi.ac.uk/vol1/fastq/ERR188/ERR188284/ERR188284_2.fastq.gz	0235a8f9aea476ba5a3f04eeea28db2a	Geuvadis	sequence	mRNA	NA19223	Yoruba in Ibadan, Nigeria	http://ftp.1000genomes.ebi.ac.uk/vol1/ftp/data_collections/geuvadis/README_geuvadis_datareuse_statement.md
ftp://ftp.sra.ebi.ac.uk/vol1/fastq/ERR188/ERR188234/ERR188234_2.fastq.gz	aac0c6a37f9d4219bb92280afc8655eb	Geuvadis	sequence	mRNA	NA19116	Yoruba in Ibadan, Nigeria	http://ftp.1000genomes.ebi.ac.uk/vol1/ftp/data_collections/geuvadis/README_geuvadis_datareuse_statement.md
ftp://ftp.sra.ebi.ac.uk/vol1/fastq/ERR188/ERR188444/ERR188444_2.fastq.gz	e21d3d0a36a199bd673e5f7ccd544020	Geuvadis	sequence	mRNA	NA19129	Yoruba in Ibadan, Nigeria	http://ftp.1000genomes.ebi.ac.uk/vol1/ftp/data_collections/geuvadis/README_geuvadis_datareuse_statement.md
ftp://ftp.sra.ebi.ac.uk/vol1/fastq/ERR188/ERR188444/ERR188444_1.fastq.gz	188ee2f5b8ee22ad261a4518ec5833d1	Geuvadis	sequence	mRNA	NA19129	Yoruba in Ibadan, Nigeria	http://ftp.1000genomes.ebi.ac.uk/vol1/ftp/data_collections/geuvadis/README_geuvadis_datareuse_statement.md
ftp://ftp.sra.ebi.ac.uk/vol1/fastq/ERR188/ERR188151/ERR188151_1.fastq.gz	b15626c5e5504560c6c311b4f049a154	Geuvadis	sequence	mRNA	NA18489	Yoruba in Ibadan, Nigeria	http://ftp.1000genomes.ebi.ac.uk/vol1/ftp/data_collections/geuvadis/README_geuvadis_datareuse_statement.md
ftp://ftp.sra.ebi.ac.uk/vol1/fastq/ERR188/ERR188129/ERR188129_2.fastq.gz	abaea01183977da62682cb38d26509a5	Geuvadis	sequence	mRNA	NA19197	Yoruba in Ibadan, Nigeria	http://ftp.1000genomes.ebi.ac.uk/vol1/ftp/data_collections/geuvadis/README_geuvadis_datareuse_statement.md
ftp://ftp.sra.ebi.ac.uk/vol1/fastq/ERR188/ERR188454/ERR188454_1.fastq.gz	e4110881c6c22b5c958792a1a5528481	Geuvadis	sequence	mRNA	NA19207	Yoruba in Ibadan, Nigeria	http://ftp.1000genomes.ebi.ac.uk/vol1/ftp/data_collections/geuvadis/README_geuvadis_datareuse_statement.md
ftp://ftp.sra.ebi.ac.uk/vol1/fastq/ERR188/ERR188454/ERR188454_2.fastq.gz	dcdfe7754a3d4e9df5492bb33f54e2e2	Geuvadis	sequence	mRNA	NA19207	Yoruba in Ibadan, Nigeria	http://ftp.1000genomes.ebi.ac.uk/vol1/ftp/data_collections/geuvadis/README_geuvadis_datareuse_statement.md
ftp://ftp.sra.ebi.ac.uk/vol1/fastq/ERR188/ERR188352/ERR188352_1.fastq.gz	31ff23840d9e66e07a09b1ba67a57ff4	Geuvadis	sequence	mRNA	NA18909	Yoruba in Ibadan, Nigeria	http://ftp.1000genomes.ebi.ac.uk/vol1/ftp/data_collections/geuvadis/README_geuvadis_datareuse_statement.md
ftp://ftp.sra.ebi.ac.uk/vol1/fastq/ERR188/ERR188030/ERR188030_1.fastq.gz	a11e508b94baa4f820f6f19ebfbbeb2c	Geuvadis	sequence	mRNA	NA19119	Yoruba in Ibadan, Nigeria	http://ftp.1000genomes.ebi.ac.uk/vol1/ftp/data_collections/geuvadis/README_geuvadis_datareuse_statement.md
ftp://ftp.sra.ebi.ac.uk/vol1/fastq/ERR188/ERR188422/ERR188422_1.fastq.gz	443c9ebba126cbb68817c7c7e9b8b5c8	Geuvadis	sequence	mRNA	NA19172	Yoruba in Ibadan, Nigeria	http://ftp.1000genomes.ebi.ac.uk/vol1/ftp/data_collections/geuvadis/README_geuvadis_datareuse_statement.md
ftp://ftp.sra.ebi.ac.uk/vol1/fastq/ERR188/ERR188422/ERR188422_2.fastq.gz	0524f33294ae9ad0a2b25a4f080503ef	Geuvadis	sequence	mRNA	NA19172	Yoruba in Ibadan, Nigeria	http://ftp.1000genomes.ebi.ac.uk/vol1/ftp/data_collections/geuvadis/README_geuvadis_datareuse_statement.md
ftp://ftp.sra.ebi.ac.uk/vol1/fastq/ERR188/ERR188085/ERR188085_1.fastq.gz	07a322adfb02e8bc1374626b29283b94	Geuvadis	sequence	mRNA	NA18520	Yoruba in Ibadan, Nigeria	http://ftp.1000genomes.ebi.ac.uk/vol1/ftp/data_collections/geuvadis/README_geuvadis_datareuse_statement.md
ftp://ftp.sra.ebi.ac.uk/vol1/fastq/ERR188/ERR188055/ERR188055_2.fastq.gz	effdbf165d4df37093d2eb88c633898b	Geuvadis	sequence	mRNA	NA19171	Yoruba in Ibadan, Nigeria	http://ftp.1000genomes.ebi.ac.uk/vol1/ftp/data_collections/geuvadis/README_geuvadis_datareuse_statement.md
ftp://ftp.sra.ebi.ac.uk/vol1/fastq/ERR188/ERR188143/ERR188143_2.fastq.gz	fc6f3824a49f6cbf5dbf63f3223ff997	Geuvadis	sequence	mRNA	NA18487	Yoruba in Ibadan, Nigeria	http://ftp.1000genomes.ebi.ac.uk/vol1/ftp/data_collections/geuvadis/README_geuvadis_datareuse_statement.md
ftp://ftp.sra.ebi.ac.uk/vol1/fastq/ERR188/ERR188261/ERR188261_2.fastq.gz	89e5569b2726e9291b763d3b0c781554	Geuvadis	sequence	mRNA	NA19108	Yoruba in Ibadan, Nigeria	http://ftp.1000genomes.ebi.ac.uk/vol1/ftp/data_collections/geuvadis/README_geuvadis_datareuse_statement.md
ftp://ftp.sra.ebi.ac.uk/vol1/fastq/ERR188/ERR188060/ERR188060_1.fastq.gz	702edd629ec251241eab2ea9fbc7f746	Geuvadis	sequence	mRNA	NA18517	Yoruba in Ibadan, Nigeria	http://ftp.1000genomes.ebi.ac.uk/vol1/ftp/data_collections/geuvadis/README_geuvadis_datareuse_statement.md
ftp://ftp.sra.ebi.ac.uk/vol1/fastq/ERR204/ERR204889/ERR204889_2.fastq.gz	df4f4aa8577425da5ab202ee92184b46	Geuvadis	sequence	mRNA	NA18923	Yoruba in Ibadan, Nigeria	http://ftp.1000genomes.ebi.ac.uk/vol1/ftp/data_collections/geuvadis/README_geuvadis_datareuse_statement.md
ftp://ftp.sra.ebi.ac.uk/vol1/fastq/ERR204/ERR204961/ERR204961_1.fastq.gz	9c789a95e80de0e5fb29728dd141ce57	Geuvadis	sequence	mRNA	NA18488	Yoruba in Ibadan, Nigeria	http://ftp.1000genomes.ebi.ac.uk/vol1/ftp/data_collections/geuvadis/README_geuvadis_datareuse_statement.md
ftp://ftp.sra.ebi.ac.uk/vol1/fastq/ERR204/ERR204859/ERR204859_2.fastq.gz	dd03e3e86f33db0635883f262b535278	Geuvadis	sequence	mRNA	NA18486	Yoruba in Ibadan, Nigeria	http://ftp.1000genomes.ebi.ac.uk/vol1/ftp/data_collections/geuvadis/README_geuvadis_datareuse_statement.md
ftp://ftp.sra.ebi.ac.uk/vol1/fastq/ERR204/ERR204995/ERR204995_1.fastq.gz	046a79edcda9db52b39f5bfef9db0019	Geuvadis	sequence	mRNA	NA19236	Yoruba in Ibadan, Nigeria	http://ftp.1000genomes.ebi.ac.uk/vol1/ftp/data_collections/geuvadis/README_geuvadis_datareuse_statement.md
ftp://ftp.sra.ebi.ac.uk/vol1/fastq/ERR204/ERR204969/ERR204969_1.fastq.gz	de51a67f08b21e00e9aec034ac7e0fe8	Geuvadis	sequence	mRNA	NA19096	Yoruba in Ibadan, Nigeria	http://ftp.1000genomes.ebi.ac.uk/vol1/ftp/data_collections/geuvadis/README_geuvadis_datareuse_statement.md
ftp://ftp.sra.ebi.ac.uk/vol1/fastq/ERR204/ERR204997/ERR204997_2.fastq.gz	978d55ad17adedb1e31bed40d6d2b3c6	Geuvadis	sequence	mRNA	NA19190	Yoruba in Ibadan, Nigeria	http://ftp.1000genomes.ebi.ac.uk/vol1/ftp/data_collections/geuvadis/README_geuvadis_datareuse_statement.md
ftp://ftp.sra.ebi.ac.uk/vol1/fastq/ERR204/ERR204991/ERR204991_1.fastq.gz	9f6484e84317956699ee21bc988a14c3	Geuvadis	sequence	mRNA	NA18487	Yoruba in Ibadan, Nigeria	http://ftp.1000genomes.ebi.ac.uk/vol1/ftp/data_collections/geuvadis/README_geuvadis_datareuse_statement.md
ftp://ftp.sra.ebi.ac.uk/vol1/fastq/ERR205/ERR205000/ERR205000_2.fastq.gz	53c6a1eb6b4418c8abacc8f5964b67c9	Geuvadis	sequence	mRNA	NA19114	Yoruba in Ibadan, Nigeria	http://ftp.1000genomes.ebi.ac.uk/vol1/ftp/data_collections/geuvadis/README_geuvadis_datareuse_statement.md
ftp://ftp.sra.ebi.ac.uk/vol1/fastq/ERR204/ERR204858/ERR204858_2.fastq.gz	1878abb012523e2299a50d76f3c4eb09	Geuvadis	sequence	mRNA	NA19095	Yoruba in Ibadan, Nigeria	http://ftp.1000genomes.ebi.ac.uk/vol1/ftp/data_collections/geuvadis/README_geuvadis_datareuse_statement.md
ftp://ftp.sra.ebi.ac.uk/vol1/fastq/ERR204/ERR204980/ERR204980_2.fastq.gz	624dc0d7369c7847a45fddef0b2b77c6	Geuvadis	sequence	mRNA	NA19116	Yoruba in Ibadan, Nigeria	http://ftp.1000genomes.ebi.ac.uk/vol1/ftp/data_collections/geuvadis/README_geuvadis_datareuse_statement.md
ftp://ftp.sra.ebi.ac.uk/vol1/fastq/ERR204/ERR204842/ERR204842_1.fastq.gz	9252eae1b5c78f5dc99abd17bfd15e39	Geuvadis	sequence	mRNA	NA18873	Yoruba in Ibadan, Nigeria	http://ftp.1000genomes.ebi.ac.uk/vol1/ftp/data_collections/geuvadis/README_geuvadis_datareuse_statement.md
ftp://ftp.sra.ebi.ac.uk/vol1/fastq/ERR204/ERR204956/ERR204956_2.fastq.gz	cb72549d58a6cc68cae3bdc403ca3c6f	Geuvadis	sequence	mRNA	NA19209	Yoruba in Ibadan, Nigeria	http://ftp.1000genomes.ebi.ac.uk/vol1/ftp/data_collections/geuvadis/README_geuvadis_datareuse_statement.md
ftp://ftp.sra.ebi.ac.uk/vol1/fastq/ERR204/ERR204880/ERR204880_1.fastq.gz	b3349024c9c64eefc3d52cc55f011d28	Geuvadis	sequence	mRNA	NA19247	Yoruba in Ibadan, Nigeria	http://ftp.1000genomes.ebi.ac.uk/vol1/ftp/data_collections/geuvadis/README_geuvadis_datareuse_statement.md
ftp://ftp.sra.ebi.ac.uk/vol1/fastq/ERR204/ERR204852/ERR204852_1.fastq.gz	68dffe05d3a94436979188f787fde6eb	Geuvadis	sequence	mRNA	NA19248	Yoruba in Ibadan, Nigeria	http://ftp.1000genomes.ebi.ac.uk/vol1/ftp/data_collections/geuvadis/README_geuvadis_datareuse_statement.md
ftp://ftp.sra.ebi.ac.uk/vol1/fastq/ERR204/ERR204906/ERR204906_1.fastq.gz	3a925ea7de2e8c6f6dbd331e986fea00	Geuvadis	sequence	mRNA	NA19213	Yoruba in Ibadan, Nigeria	http://ftp.1000genomes.ebi.ac.uk/vol1/ftp/data_collections/geuvadis/README_geuvadis_datareuse_statement.md
ftp://ftp.sra.ebi.ac.uk/vol1/fastq/ERR188/ERR188188/ERR188188_2.fastq.gz	8fd38c028cc9c218933e86907612337b	Geuvadis	sequence	mRNA	NA19099	Yoruba in Ibadan, Nigeria	http://ftp.1000genomes.ebi.ac.uk/vol1/ftp/data_collections/geuvadis/README_geuvadis_datareuse_statement.md
ftp://ftp.sra.ebi.ac.uk/vol1/fastq/ERR188/ERR188178/ERR188178_1.fastq.gz	698edf5634964d197782fe6707e8087f	Geuvadis	sequence	mRNA	NA19114	Yoruba in Ibadan, Nigeria	http://ftp.1000genomes.ebi.ac.uk/vol1/ftp/data_collections/geuvadis/README_geuvadis_datareuse_statement.md
ftp://ftp.sra.ebi.ac.uk/vol1/fastq/ERR188/ERR188344/ERR188344_1.fastq.gz	bb5c325820bb9e6d02b990d0d84d3267	Geuvadis	sequence	mRNA	NA18868	Yoruba in Ibadan, Nigeria	http://ftp.1000genomes.ebi.ac.uk/vol1/ftp/data_collections/geuvadis/README_geuvadis_datareuse_statement.md
ftp://ftp.sra.ebi.ac.uk/vol1/fastq/ERR188/ERR188221/ERR188221_2.fastq.gz	d1a8a066d3a5be09463a9fe68ca55e1c	Geuvadis	sequence	mRNA	NA19113	Yoruba in Ibadan, Nigeria	http://ftp.1000genomes.ebi.ac.uk/vol1/ftp/data_collections/geuvadis/README_geuvadis_datareuse_statement.md
ftp://ftp.sra.ebi.ac.uk/vol1/fastq/ERR188/ERR188209/ERR188209_1.fastq.gz	7206923fd171e845979e19e1b4af9580	Geuvadis	sequence	mRNA	NA19214	Yoruba in Ibadan, Nigeria	http://ftp.1000genomes.ebi.ac.uk/vol1/ftp/data_collections/geuvadis/README_geuvadis_datareuse_statement.md
ftp://ftp.sra.ebi.ac.uk/vol1/fastq/ERR188/ERR188223/ERR188223_2.fastq.gz	5d1c97c6ed4ba560f60f315a7c5f3d4f	Geuvadis	sequence	mRNA	NA18908	Yoruba in Ibadan, Nigeria	http://ftp.1000genomes.ebi.ac.uk/vol1/ftp/data_collections/geuvadis/README_geuvadis_datareuse_statement.md
ftp://ftp.sra.ebi.ac.uk/vol1/fastq/ERR188/ERR188298/ERR188298_2.fastq.gz	27f85728a68d134c7236fc8baa15aef8	Geuvadis	sequence	mRNA	NA18867	Yoruba in Ibadan, Nigeria	http://ftp.1000genomes.ebi.ac.uk/vol1/ftp/data_collections/geuvadis/README_geuvadis_datareuse_statement.md
ftp://ftp.sra.ebi.ac.uk/vol1/fastq/ERR188/ERR188451/ERR188451_2.fastq.gz	f7b23e208ffec29928c0692496074a18	Geuvadis	sequence	mRNA	NA19149	Yoruba in Ibadan, Nigeria	http://ftp.1000genomes.ebi.ac.uk/vol1/ftp/data_collections/geuvadis/README_geuvadis_datareuse_statement.md
ftp://ftp.sra.ebi.ac.uk/vol1/fastq/ERR188/ERR188103/ERR188103_1.fastq.gz	aa192d93ef9c7732e8a9813d6101f6c4	Geuvadis	sequence	mRNA	NA19184	Yoruba in Ibadan, Nigeria	http://ftp.1000genomes.ebi.ac.uk/vol1/ftp/data_collections/geuvadis/README_geuvadis_datareuse_statement.md
ftp://ftp.sra.ebi.ac.uk/vol1/fastq/ERR188/ERR188109/ERR188109_1.fastq.gz	c348b71a3392108e740613cc8801a57e	Geuvadis	sequence	mRNA	NA19121	Yoruba in Ibadan, Nigeria	http://ftp.1000genomes.ebi.ac.uk/vol1/ftp/data_collections/geuvadis/README_geuvadis_datareuse_statement.md
ftp://ftp.sra.ebi.ac.uk/vol1/fastq/ERR188/ERR188200/ERR188200_2.fastq.gz	3905eadb6acdcba10e9743b37f7e992c	Geuvadis	sequence	mRNA	NA18519	Yoruba in Ibadan, Nigeria	http://ftp.1000genomes.ebi.ac.uk/vol1/ftp/data_collections/geuvadis/README_geuvadis_datareuse_statement.md
ftp://ftp.sra.ebi.ac.uk/vol1/fastq/ERR188/ERR188037/ERR188037_1.fastq.gz	cdc322fdd07369384c48ce913df45143	Geuvadis	sequence	mRNA	NA19236	Yoruba in Ibadan, Nigeria	http://ftp.1000genomes.ebi.ac.uk/vol1/ftp/data_collections/geuvadis/README_geuvadis_datareuse_statement.md
ftp://ftp.sra.ebi.ac.uk/vol1/fastq/ERR188/ERR188375/ERR188375_2.fastq.gz	ebdf651d1502d5d4ae7735f64a26dc59	Geuvadis	sequence	mRNA	NA18858	Yoruba in Ibadan, Nigeria	http://ftp.1000genomes.ebi.ac.uk/vol1/ftp/data_collections/geuvadis/README_geuvadis_datareuse_statement.md
ftp://ftp.sra.ebi.ac.uk/vol1/fastq/ERR188/ERR188373/ERR188373_2.fastq.gz	c95508c6b31210f1dde68c4705b6df73	Geuvadis	sequence	mRNA	NA18870	Yoruba in Ibadan, Nigeria	http://ftp.1000genomes.ebi.ac.uk/vol1/ftp/data_collections/geuvadis/README_geuvadis_datareuse_statement.md
ftp://ftp.sra.ebi.ac.uk/vol1/fastq/ERR188/ERR188322/ERR188322_1.fastq.gz	47315523e6a2fbcf7686e6f2891770a8	Geuvadis	sequence	mRNA	NA19190	Yoruba in Ibadan, Nigeria	http://ftp.1000genomes.ebi.ac.uk/vol1/ftp/data_collections/geuvadis/README_geuvadis_datareuse_statement.md
ftp://ftp.sra.ebi.ac.uk/vol1/fastq/ERR188/ERR188440/ERR188440_2.fastq.gz	a9b833528195b4dac8c4da563621f264	Geuvadis	sequence	mRNA	NA19200	Yoruba in Ibadan, Nigeria	http://ftp.1000genomes.ebi.ac.uk/vol1/ftp/data_collections/geuvadis/README_geuvadis_datareuse_statement.md
ftp://ftp.sra.ebi.ac.uk/vol1/fastq/ERR188/ERR188442/ERR188442_1.fastq.gz	3913b582105d8b8425841c68ee03e084	Geuvadis	sequence	mRNA	NA18910	Yoruba in Ibadan, Nigeria	http://ftp.1000genomes.ebi.ac.uk/vol1/ftp/data_collections/geuvadis/README_geuvadis_datareuse_statement.md
ftp://ftp.sra.ebi.ac.uk/vol1/fastq/ERR188/ERR188311/ERR188311_1.fastq.gz	86029d5f7a0e4cf94392babc3cbbd573	Geuvadis	sequence	mRNA	NA18488	Yoruba in Ibadan, Nigeria	http://ftp.1000genomes.ebi.ac.uk/vol1/ftp/data_collections/geuvadis/README_geuvadis_datareuse_statement.md
ftp://ftp.sra.ebi.ac.uk/vol1/fastq/ERR188/ERR188066/ERR188066_1.fastq.gz	0c5a5871f886bc53521cd89ed087c037	Geuvadis	sequence	mRNA	NA19118	Yoruba in Ibadan, Nigeria	http://ftp.1000genomes.ebi.ac.uk/vol1/ftp/data_collections/geuvadis/README_geuvadis_datareuse_statement.md
ftp://ftp.sra.ebi.ac.uk/vol1/fastq/ERR188/ERR188365/ERR188365_2.fastq.gz	0df2f979d302710bbf1fa124efa92541	Geuvadis	sequence	mRNA	NA19117	Yoruba in Ibadan, Nigeria	http://ftp.1000genomes.ebi.ac.uk/vol1/ftp/data_collections/geuvadis/README_geuvadis_datareuse_statement.md
ftp://ftp.sra.ebi.ac.uk/vol1/fastq/ERR188/ERR188284/ERR188284_1.fastq.gz	83aa97aa796758e1c9423370419cf9f1	Geuvadis	sequence	mRNA	NA19223	Yoruba in Ibadan, Nigeria	http://ftp.1000genomes.ebi.ac.uk/vol1/ftp/data_collections/geuvadis/README_geuvadis_datareuse_statement.md
ftp://ftp.sra.ebi.ac.uk/vol1/fastq/ERR188/ERR188211/ERR188211_1.fastq.gz	18b3ca0d208191bee77e03265770c8a9	Geuvadis	sequence	mRNA	NA19175	Yoruba in Ibadan, Nigeria	http://ftp.1000genomes.ebi.ac.uk/vol1/ftp/data_collections/geuvadis/README_geuvadis_datareuse_statement.md
ftp://ftp.sra.ebi.ac.uk/vol1/fastq/ERR188/ERR188158/ERR188158_2.fastq.gz	97767571257458ad74b0408095845bd4	Geuvadis	sequence	mRNA	NA18502	Yoruba in Ibadan, Nigeria	http://ftp.1000genomes.ebi.ac.uk/vol1/ftp/data_collections/geuvadis/README_geuvadis_datareuse_statement.md
ftp://ftp.sra.ebi.ac.uk/vol1/fastq/ERR188/ERR188129/ERR188129_1.fastq.gz	b0cd625f181d0e4dd247f86f02a204a1	Geuvadis	sequence	mRNA	NA19197	Yoruba in Ibadan, Nigeria	http://ftp.1000genomes.ebi.ac.uk/vol1/ftp/data_collections/geuvadis/README_geuvadis_datareuse_statement.md
ftp://ftp.sra.ebi.ac.uk/vol1/fastq/ERR188/ERR188352/ERR188352_2.fastq.gz	692c07244cd52ddab84cdea899257bb2	Geuvadis	sequence	mRNA	NA18909	Yoruba in Ibadan, Nigeria	http://ftp.1000genomes.ebi.ac.uk/vol1/ftp/data_collections/geuvadis/README_geuvadis_datareuse_statement.md
ftp://ftp.sra.ebi.ac.uk/vol1/fastq/ERR188/ERR188030/ERR188030_2.fastq.gz	d41f66c3faf9af02149b4aaf4d990532	Geuvadis	sequence	mRNA	NA19119	Yoruba in Ibadan, Nigeria	http://ftp.1000genomes.ebi.ac.uk/vol1/ftp/data_collections/geuvadis/README_geuvadis_datareuse_statement.md
ftp://ftp.sra.ebi.ac.uk/vol1/fastq/ERR188/ERR188085/ERR188085_2.fastq.gz	38d6558884629bb6ce20e7594f7c5d87	Geuvadis	sequence	mRNA	NA18520	Yoruba in Ibadan, Nigeria	http://ftp.1000genomes.ebi.ac.uk/vol1/ftp/data_collections/geuvadis/README_geuvadis_datareuse_statement.md
ftp://ftp.sra.ebi.ac.uk/vol1/fastq/ERR188/ERR188074/ERR188074_2.fastq.gz	74ebc420ebab0642249e0abaf597c2fd	Geuvadis	sequence	mRNA	NA19257	Yoruba in Ibadan, Nigeria	http://ftp.1000genomes.ebi.ac.uk/vol1/ftp/data_collections/geuvadis/README_geuvadis_datareuse_statement.md
ftp://ftp.sra.ebi.ac.uk/vol1/fastq/ERR188/ERR188183/ERR188183_2.fastq.gz	4f34934eede054e190ee02fb1e7123f6	Geuvadis	sequence	mRNA	NA19185	Yoruba in Ibadan, Nigeria	http://ftp.1000genomes.ebi.ac.uk/vol1/ftp/data_collections/geuvadis/README_geuvadis_datareuse_statement.md
ftp://ftp.sra.ebi.ac.uk/vol1/fastq/ERR188/ERR188278/ERR188278_2.fastq.gz	e443d2fed9fb460fff87e2d96ee24f6f	Geuvadis	sequence	mRNA	NA18861	Yoruba in Ibadan, Nigeria	http://ftp.1000genomes.ebi.ac.uk/vol1/ftp/data_collections/geuvadis/README_geuvadis_datareuse_statement.md
ftp://ftp.sra.ebi.ac.uk/vol1/fastq/ERR188/ERR188471/ERR188471_1.fastq.gz	9e9bd55e2995b7aae0be5613527e4f5c	Geuvadis	sequence	mRNA	NA19130	Yoruba in Ibadan, Nigeria	http://ftp.1000genomes.ebi.ac.uk/vol1/ftp/data_collections/geuvadis/README_geuvadis_datareuse_statement.md
ftp://ftp.sra.ebi.ac.uk/vol1/fastq/ERR188/ERR188225/ERR188225_2.fastq.gz	f4e4d0e02f1c6de1c28b41c995790fa5	Geuvadis	sequence	mRNA	NA19152	Yoruba in Ibadan, Nigeria	http://ftp.1000genomes.ebi.ac.uk/vol1/ftp/data_collections/geuvadis/README_geuvadis_datareuse_statement.md
ftp://ftp.sra.ebi.ac.uk/vol1/fastq/ERR188/ERR188232/ERR188232_1.fastq.gz	6de018cd09164e0ec12797b1bfcfea8a	Geuvadis	sequence	mRNA	NA19160	Yoruba in Ibadan, Nigeria	http://ftp.1000genomes.ebi.ac.uk/vol1/ftp/data_collections/geuvadis/README_geuvadis_datareuse_statement.md
ftp://ftp.sra.ebi.ac.uk/vol1/fastq/ERR188/ERR188449/ERR188449_2.fastq.gz	951f4e860ef38ab219a44590f9d660e7	Geuvadis	sequence	mRNA	NA18499	Yoruba in Ibadan, Nigeria	http://ftp.1000genomes.ebi.ac.uk/vol1/ftp/data_collections/geuvadis/README_geuvadis_datareuse_statement.md
ftp://ftp.sra.ebi.ac.uk/vol1/fastq/ERR204/ERR204966/ERR204966_2.fastq.gz	3883b70ceec1fc65eb17c8175ef76d03	Geuvadis	sequence	mRNA	NA19200	Yoruba in Ibadan, Nigeria	http://ftp.1000genomes.ebi.ac.uk/vol1/ftp/data_collections/geuvadis/README_geuvadis_datareuse_statement.md
ftp://ftp.sra.ebi.ac.uk/vol1/fastq/ERR204/ERR204940/ERR204940_1.fastq.gz	74984cab81224bbe550ead0591464123	Geuvadis	sequence	mRNA	NA18861	Yoruba in Ibadan, Nigeria	http://ftp.1000genomes.ebi.ac.uk/vol1/ftp/data_collections/geuvadis/README_geuvadis_datareuse_statement.md
ftp://ftp.sra.ebi.ac.uk/vol1/fastq/ERR204/ERR204837/ERR204837_2.fastq.gz	1da17e5292f78d13a50a6a18d8eadbce	Geuvadis	sequence	mRNA	NA19138	Yoruba in Ibadan, Nigeria	http://ftp.1000genomes.ebi.ac.uk/vol1/ftp/data_collections/geuvadis/README_geuvadis_datareuse_statement.md
ftp://ftp.sra.ebi.ac.uk/vol1/fastq/ERR205/ERR205009/ERR205009_2.fastq.gz	b24a680e56a430bee0369b1f49255c2a	Geuvadis	sequence	mRNA	NA19095	Yoruba in Ibadan, Nigeria	http://ftp.1000genomes.ebi.ac.uk/vol1/ftp/data_collections/geuvadis/README_geuvadis_datareuse_statement.md
ftp://ftp.sra.ebi.ac.uk/vol1/fastq/ERR204/ERR204861/ERR204861_2.fastq.gz	4595c203a39d84130d61a84781056e60	Geuvadis	sequence	mRNA	NA19095	Yoruba in Ibadan, Nigeria	http://ftp.1000genomes.ebi.ac.uk/vol1/ftp/data_collections/geuvadis/README_geuvadis_datareuse_statement.md
ftp://ftp.sra.ebi.ac.uk/vol1/fastq/ERR204/ERR204922/ERR204922_1.fastq.gz	d635acfebc1ced2122a35df7198bbd61	Geuvadis	sequence	mRNA	NA19131	Yoruba in Ibadan, Nigeria	http://ftp.1000genomes.ebi.ac.uk/vol1/ftp/data_collections/geuvadis/README_geuvadis_datareuse_statement.md
ftp://ftp.sra.ebi.ac.uk/vol1/fastq/ERR204/ERR204987/ERR204987_1.fastq.gz	af4abbc871543d358737c790fd0a96be	Geuvadis	sequence	mRNA	NA19130	Yoruba in Ibadan, Nigeria	http://ftp.1000genomes.ebi.ac.uk/vol1/ftp/data_collections/geuvadis/README_geuvadis_datareuse_statement.md
ftp://ftp.sra.ebi.ac.uk/vol1/fastq/ERR204/ERR204868/ERR204868_1.fastq.gz	ff54a4f1211c16ae58228afdc495c99d	Geuvadis	sequence	mRNA	NA19095	Yoruba in Ibadan, Nigeria	http://ftp.1000genomes.ebi.ac.uk/vol1/ftp/data_collections/geuvadis/README_geuvadis_datareuse_statement.md
ftp://ftp.sra.ebi.ac.uk/vol1/fastq/ERR204/ERR204843/ERR204843_2.fastq.gz	20464a399a5dc416eee22b4e37b1cb25	Geuvadis	sequence	mRNA	NA19095	Yoruba in Ibadan, Nigeria	http://ftp.1000genomes.ebi.ac.uk/vol1/ftp/data_collections/geuvadis/README_geuvadis_datareuse_statement.md
